school_id,class_id,section_id,student_id,test_socre_baseline,treatment,test_score_endline
1.0,1.0,1.0,1.0,50.182095,Control,58.096153
1.0,1.0,1.0,2.0,66.047554,T1,85.35341
1.0,1.0,1.0,3.0,44.069717,T2,45.052258
1.0,1.0,1.0,4.0,34.018944,T1,46.218613
1.0,1.0,1.0,5.0,53.08916,Control,65.26978
1.0,1.0,1.0,6.0,27.176136,Control,39.231796
1.0,1.0,1.0,7.0,52.258457,T1,70.41124
1.0,1.0,1.0,8.0,60.96528,T1,76.25699
1.0,1.0,1.0,9.0,45.473606,T1,55.891895
1.0,1.0,1.0,10.0,56.48657,T1,73.08489
1.0,1.0,1.0,11.0,63.537346,T2,64.66921
1.0,1.0,1.0,12.0,46.996685,Control,40.993523
1.0,1.0,1.0,13.0,64.06907,T2,65.080025
1.0,1.0,1.0,14.0,59.44891,T1,77.215904
1.0,1.0,1.0,15.0,48.1968,T1,60.357773
1.0,1.0,1.0,16.0,44.748528,T1,60.750324
1.0,1.0,1.0,17.0,57.1951,T1,74.96202
1.0,1.0,1.0,18.0,66.58083,T2,67.52161
1.0,1.0,1.0,19.0,46.220947,T1,54.381268
1.0,1.0,1.0,20.0,29.693811,Control,41.618603
1.0,1.0,1.0,21.0,52.32537,T1,63.8516
1.0,1.0,1.0,22.0,42.37381,T1,52.947205
1.0,1.0,1.0,23.0,51.15698,T2,52.305115
1.0,1.0,1.0,24.0,48.47129,T2,49.37131
1.0,1.0,1.0,25.0,49.37831,T1,68.30638
1.0,1.0,1.0,26.0,54.653183,T1,54.812557
1.0,1.0,1.0,27.0,66.33429,T1,81.52663
1.0,1.0,1.0,28.0,42.042534,Control,42.465252
1.0,1.0,1.0,29.0,57.570286,T2,58.439816
1.0,1.0,1.0,30.0,51.13064,Control,49.227886
1.0,1.0,1.0,31.0,50.970867,T2,51.907516
1.0,1.0,1.0,32.0,66.76974,Control,84.42974
1.0,1.0,1.0,33.0,59.24827,T2,60.325336
1.0,1.0,1.0,34.0,47.949368,T1,52.68847
1.0,1.0,1.0,35.0,74.60695,T1,89.31998
1.0,1.0,1.0,36.0,49.40201,T1,72.85959
1.0,1.0,1.0,37.0,60.53048,T1,69.88415
1.0,1.0,2.0,1.0,54.885544,T1,65.92854
1.0,1.0,2.0,2.0,54.691174,T2,55.768368
1.0,1.0,2.0,3.0,47.57374,T2,48.600483
1.0,1.0,2.0,4.0,52.760674,T1,68.76319
1.0,1.0,2.0,5.0,59.761078,T1,77.852844
1.0,1.0,2.0,6.0,68.0963,T1,79.7039
1.0,1.0,2.0,7.0,53.137833,Control,49.152184
1.0,1.0,2.0,8.0,49.525887,T2,50.491573
1.0,1.0,2.0,9.0,71.09901,T2,72.33043
1.0,1.0,2.0,10.0,51.84987,T2,52.688965
1.0,1.0,2.0,11.0,62.90022,T2,63.832115
1.0,1.0,2.0,12.0,65.83363,T2,66.82027
1.0,1.0,2.0,13.0,68.32004,T1,90.27878
1.0,1.0,2.0,14.0,53.902817,T1,67.58331
1.0,1.0,2.0,15.0,63.55796,T2,64.68266
1.0,1.0,2.0,16.0,44.903618,Control,47.024006
1.0,1.0,2.0,17.0,57.207386,T1,76.15337
1.0,1.0,2.0,18.0,49.41949,Control,64.52569
1.0,1.0,2.0,19.0,50.985413,T1,61.77165
1.0,1.0,2.0,20.0,49.40603,T1,59.23867
1.0,1.0,2.0,21.0,49.06846,T1,77.6912
1.0,1.0,2.0,22.0,50.177357,T2,51.087505
1.0,1.0,2.0,23.0,57.929592,Control,63.639874
1.0,1.0,2.0,24.0,31.440897,T2,32.42381
1.0,1.0,2.0,25.0,54.788055,T2,55.614223
1.0,1.0,2.0,26.0,46.730106,Control,57.87108
1.0,1.0,2.0,27.0,69.20156,Control,80.59421
1.0,1.0,2.0,28.0,70.050606,T1,80.24081
1.0,1.0,2.0,29.0,52.76868,Control,60.256508
1.0,1.0,2.0,30.0,52.419994,Control,44.712685
1.0,1.0,2.0,31.0,62.97884,T1,83.20656
1.0,1.0,2.0,32.0,56.032673,Control,54.86922
1.0,1.0,2.0,33.0,66.20806,T1,86.92313
1.0,1.0,2.0,34.0,66.46459,T1,76.07865
1.0,1.0,2.0,35.0,45.1945,T1,55.532944
1.0,1.0,2.0,36.0,40.643127,Control,53.802082
1.0,1.0,2.0,37.0,61.072014,T2,62.04043
1.0,1.0,2.0,38.0,34.384262,Control,50.82787
1.0,2.0,1.0,1.0,72.24368,T2,73.3123
1.0,2.0,1.0,2.0,62.021473,T1,86.18373
1.0,2.0,1.0,3.0,70.971375,Control,67.450294
1.0,2.0,1.0,4.0,61.04386,Control,69.689995
1.0,2.0,1.0,5.0,46.692184,Control,47.907673
1.0,2.0,1.0,6.0,53.50751,T1,73.1432
1.0,2.0,1.0,7.0,51.274303,Control,62.964153
1.0,2.0,1.0,8.0,42.469902,Control,44.774574
1.0,2.0,1.0,9.0,51.821762,Control,55.19398
1.0,2.0,1.0,10.0,43.104507,Control,55.052055
1.0,2.0,1.0,11.0,64.99487,T1,77.48817
1.0,2.0,1.0,12.0,46.224243,T2,47.105644
1.0,2.0,1.0,13.0,53.00231,T1,60.134895
1.0,2.0,1.0,14.0,54.76415,T2,55.814777
1.0,2.0,1.0,15.0,58.685684,Control,70.29637
1.0,2.0,1.0,16.0,54.706997,Control,59.70111
1.0,2.0,1.0,17.0,55.821278,Control,76.648735
1.0,2.0,1.0,18.0,60.79935,T2,61.724167
1.0,2.0,1.0,19.0,45.03897,T1,45.318356
1.0,2.0,1.0,20.0,50.56077,T1,59.803093
1.0,2.0,1.0,21.0,61.28351,T2,62.25854
1.0,2.0,1.0,22.0,51.527653,Control,55.96247
1.0,2.0,1.0,23.0,48.40144,Control,66.61636
1.0,2.0,1.0,24.0,61.282146,T2,62.257687
1.0,2.0,1.0,25.0,67.78089,T1,84.01812
1.0,2.0,1.0,26.0,54.90918,Control,58.974556
1.0,2.0,1.0,27.0,56.70727,Control,56.16561
1.0,2.0,1.0,28.0,62.984142,T2,63.894238
1.0,2.0,1.0,29.0,45.34433,T1,64.01904
1.0,2.0,1.0,30.0,70.19085,T2,71.30358
1.0,2.0,1.0,31.0,54.44876,T2,55.466625
1.0,2.0,1.0,32.0,57.113155,Control,76.8336
1.0,2.0,1.0,33.0,52.476585,Control,67.373344
1.0,2.0,1.0,34.0,46.483723,T2,47.31729
1.0,2.0,1.0,35.0,59.675007,Control,72.23371
1.0,2.0,1.0,36.0,40.196766,T2,41.241135
1.0,2.0,1.0,37.0,56.043156,T1,60.04248
1.0,2.0,2.0,1.0,53.004288,Control,41.210125
1.0,2.0,2.0,2.0,55.051796,T1,76.90483
1.0,2.0,2.0,3.0,71.55271,Control,77.865036
1.0,2.0,2.0,4.0,78.68591,T2,79.59446
1.0,2.0,2.0,5.0,52.693485,Control,67.70667
1.0,2.0,2.0,6.0,35.49398,Control,47.433407
1.0,2.0,2.0,7.0,48.10239,Control,47.961746
1.0,2.0,2.0,8.0,41.016483,T1,73.9511
1.0,2.0,2.0,9.0,38.648327,T2,39.66462
1.0,2.0,2.0,10.0,46.917915,Control,57.382664
1.0,2.0,2.0,11.0,67.76622,Control,73.26778
1.0,2.0,2.0,12.0,60.22902,T1,84.1657
1.0,2.0,2.0,13.0,50.94192,T2,51.95728
1.0,2.0,2.0,14.0,58.621677,T1,73.68454
1.0,2.0,2.0,15.0,41.079544,T1,65.218735
1.0,2.0,2.0,16.0,55.30222,T2,56.404533
1.0,2.0,2.0,17.0,74.43397,T2,75.59421
1.0,2.0,2.0,18.0,52.26996,T2,53.37406
1.0,2.0,2.0,19.0,62.992783,Control,64.217575
1.0,2.0,2.0,20.0,34.238987,T2,35.206455
1.0,2.0,2.0,21.0,56.079292,T1,67.437614
1.0,2.0,2.0,22.0,64.9135,T2,65.89719
1.0,2.0,2.0,23.0,47.496357,T1,55.181465
1.0,2.0,2.0,24.0,43.82372,T2,44.708508
1.0,2.0,2.0,25.0,57.745975,T2,58.704796
1.0,2.0,2.0,26.0,50.036526,Control,58.556835
1.0,2.0,2.0,27.0,57.722588,Control,78.67516
1.0,2.0,2.0,28.0,57.57229,T2,58.739986
1.0,2.0,2.0,29.0,56.789906,T2,57.742046
1.0,2.0,2.0,30.0,66.85166,T2,67.73525
1.0,2.0,2.0,31.0,48.105236,T2,49.289207
1.0,2.0,2.0,32.0,56.237354,T1,65.04494
1.0,2.0,2.0,33.0,34.857807,Control,43.469097
1.0,2.0,2.0,34.0,63.483433,T2,64.59239
1.0,2.0,2.0,35.0,49.564423,T2,50.60953
1.0,2.0,2.0,36.0,52.300617,Control,70.090355
1.0,2.0,2.0,37.0,56.29287,T2,57.290703
1.0,2.0,2.0,38.0,56.734097,T1,86.83735
2.0,1.0,1.0,1.0,47.187054,Control,56.51259
2.0,1.0,1.0,2.0,52.750507,T2,53.561497
2.0,1.0,1.0,3.0,44.392605,T2,45.604282
2.0,1.0,1.0,4.0,63.616646,T1,67.22789
2.0,1.0,1.0,5.0,41.39211,Control,58.080677
2.0,1.0,1.0,6.0,58.7251,T2,59.649445
2.0,1.0,1.0,7.0,50.74247,T2,51.87031
2.0,1.0,1.0,8.0,46.332405,Control,55.08271
2.0,1.0,1.0,9.0,57.398212,Control,65.39989
2.0,1.0,1.0,10.0,62.08671,T1,79.10945
2.0,1.0,1.0,11.0,64.543274,T2,65.65613
2.0,1.0,1.0,12.0,67.18809,T2,68.19123
2.0,1.0,1.0,13.0,44.050835,T1,51.710487
2.0,1.0,1.0,14.0,60.239788,T1,74.00257
2.0,1.0,1.0,15.0,61.944378,Control,68.955765
2.0,1.0,1.0,16.0,40.366467,T2,41.35319
2.0,1.0,1.0,17.0,54.614315,T2,55.61319
2.0,1.0,1.0,18.0,47.352585,T1,53.984726
2.0,1.0,1.0,19.0,44.087044,T1,56.762543
2.0,1.0,1.0,20.0,52.645535,T2,53.694836
2.0,1.0,1.0,21.0,47.039745,T2,48.001263
2.0,1.0,1.0,22.0,69.02142,Control,92.93468
2.0,1.0,1.0,23.0,61.369156,T1,84.98861
2.0,1.0,1.0,24.0,67.0748,T2,68.054695
2.0,1.0,1.0,25.0,69.554756,Control,69.62346
2.0,1.0,1.0,26.0,42.03699,T1,54.73054
2.0,1.0,1.0,27.0,63.473473,Control,61.717216
2.0,1.0,1.0,28.0,59.72131,T1,79.719864
2.0,1.0,1.0,29.0,63.020958,T2,64.12832
2.0,1.0,1.0,30.0,80.584305,T1,95.626945
2.0,1.0,1.0,31.0,45.30901,Control,52.731148
2.0,1.0,1.0,32.0,63.587925,Control,69.46647
2.0,1.0,1.0,33.0,42.303154,T1,58.85986
2.0,1.0,1.0,34.0,79.44339,T2,80.281204
2.0,1.0,1.0,35.0,50.322773,T2,51.39451
2.0,1.0,1.0,36.0,43.65985,T2,44.591965
2.0,1.0,1.0,37.0,48.303303,T1,63.875862
2.0,1.0,2.0,1.0,64.63583,Control,69.611885
2.0,1.0,2.0,2.0,68.48976,Control,82.98663
2.0,1.0,2.0,3.0,49.122917,T2,50.2359
2.0,1.0,2.0,4.0,65.243935,T1,76.21483
2.0,1.0,2.0,5.0,59.28039,T2,60.22643
2.0,1.0,2.0,6.0,64.56179,T1,81.64641
2.0,1.0,2.0,7.0,55.898975,T1,66.24778
2.0,1.0,2.0,8.0,47.34772,Control,56.656296
2.0,1.0,2.0,9.0,63.12284,T1,79.47696
2.0,1.0,2.0,10.0,64.42587,T2,65.439575
2.0,1.0,2.0,11.0,71.57164,Control,75.40259
2.0,1.0,2.0,12.0,66.81756,Control,73.49251
2.0,1.0,2.0,13.0,55.651505,T1,62.452763
2.0,1.0,2.0,14.0,48.68699,T2,49.533134
2.0,1.0,2.0,15.0,47.855976,T2,48.82327
2.0,1.0,2.0,16.0,49.038246,T2,50.25309
2.0,1.0,2.0,17.0,59.729404,Control,67.46728
2.0,1.0,2.0,18.0,46.91375,Control,59.64249
2.0,1.0,2.0,19.0,52.277298,T2,53.271782
2.0,1.0,2.0,20.0,68.800964,T2,69.88306
2.0,1.0,2.0,21.0,50.342957,Control,63.36373
2.0,1.0,2.0,22.0,65.6715,Control,88.086075
2.0,1.0,2.0,23.0,58.059395,T2,59.02696
2.0,1.0,2.0,24.0,48.22893,Control,54.777473
2.0,1.0,2.0,25.0,63.804214,T2,64.65085
2.0,1.0,2.0,26.0,63.34459,Control,86.49728
2.0,1.0,2.0,27.0,61.304497,T2,62.170506
2.0,1.0,2.0,28.0,48.781532,T2,49.85845
2.0,1.0,2.0,29.0,65.503525,T2,66.39755
2.0,1.0,2.0,30.0,58.15993,Control,69.29081
2.0,1.0,2.0,31.0,79.90835,T1,90.20268
2.0,1.0,2.0,32.0,50.270164,T1,62.506622
2.0,1.0,2.0,33.0,56.28087,T1,77.84802
2.0,1.0,2.0,34.0,49.649086,Control,54.309353
2.0,1.0,2.0,35.0,56.77473,Control,85.27918
2.0,1.0,2.0,36.0,58.542892,Control,77.303734
2.0,1.0,2.0,37.0,27.89179,T1,38.839718
2.0,1.0,2.0,38.0,59.3174,T1,60.55371
2.0,2.0,1.0,1.0,39.831978,T1,57.911156
2.0,2.0,1.0,2.0,70.61443,Control,82.11655
2.0,2.0,1.0,3.0,31.764582,Control,30.845488
2.0,2.0,1.0,4.0,52.96184,T1,65.96422
2.0,2.0,1.0,5.0,48.748856,T2,49.733456
2.0,2.0,1.0,6.0,65.86355,T2,66.91836
2.0,2.0,1.0,7.0,37.41025,T1,47.98774
2.0,2.0,1.0,8.0,47.15028,T1,71.32909
2.0,2.0,1.0,9.0,82.63615,T1,110.09167
2.0,2.0,1.0,10.0,33.402447,T1,43.3384
2.0,2.0,1.0,11.0,63.35345,T2,64.23581
2.0,2.0,1.0,12.0,57.15151,Control,68.39461
2.0,2.0,1.0,13.0,44.098057,T1,56.432846
2.0,2.0,1.0,14.0,32.25201,T1,41.08617
2.0,2.0,1.0,15.0,75.34411,T1,89.45745
2.0,2.0,1.0,16.0,61.066204,Control,80.29233
2.0,2.0,1.0,17.0,54.21622,Control,50.193764
2.0,2.0,1.0,18.0,48.141983,T2,49.221397
2.0,2.0,1.0,19.0,44.043495,T1,55.752274
2.0,2.0,1.0,20.0,59.21143,T2,60.3723
2.0,2.0,1.0,21.0,40.67822,Control,47.413643
2.0,2.0,1.0,22.0,52.097725,T2,53.265736
2.0,2.0,1.0,23.0,45.781036,T1,55.31551
2.0,2.0,1.0,24.0,62.15412,T1,84.60292
2.0,2.0,1.0,25.0,49.697662,T2,50.897675
2.0,2.0,1.0,26.0,40.67377,T2,41.781525
2.0,2.0,1.0,27.0,50.307728,Control,50.02562
2.0,2.0,1.0,28.0,58.023903,Control,66.276566
2.0,2.0,1.0,29.0,73.73466,T1,88.35205
2.0,2.0,1.0,30.0,63.606724,T1,78.15995
2.0,2.0,1.0,31.0,57.52747,Control,64.57197
2.0,2.0,1.0,32.0,76.51031,T2,77.66397
2.0,2.0,1.0,33.0,46.03992,T1,60.70797
2.0,2.0,1.0,34.0,47.272984,T2,48.34142
2.0,2.0,1.0,35.0,64.62532,T1,78.959366
2.0,2.0,1.0,36.0,54.020065,Control,60.68685
2.0,2.0,1.0,37.0,68.03163,T2,68.95538
2.0,2.0,2.0,1.0,59.18155,Control,85.18018
2.0,2.0,2.0,2.0,58.08466,Control,72.60962
2.0,2.0,2.0,3.0,42.887486,T1,54.98137
2.0,2.0,2.0,4.0,64.80213,Control,62.978973
2.0,2.0,2.0,5.0,45.24573,Control,47.97032
2.0,2.0,2.0,6.0,54.87749,T1,55.230072
2.0,2.0,2.0,7.0,50.560192,T2,51.421234
2.0,2.0,2.0,8.0,46.94301,T1,67.13943
2.0,2.0,2.0,9.0,42.630505,T1,52.102894
2.0,2.0,2.0,10.0,60.36715,T2,61.26795
2.0,2.0,2.0,11.0,62.274643,Control,90.217545
2.0,2.0,2.0,12.0,57.71858,T1,74.536896
2.0,2.0,2.0,13.0,51.031223,T2,52.069313
2.0,2.0,2.0,14.0,58.467056,T2,59.36941
2.0,2.0,2.0,15.0,54.158848,T1,63.71031
2.0,2.0,2.0,16.0,58.33567,Control,66.40344
2.0,2.0,2.0,17.0,57.356476,Control,60.46234
2.0,2.0,2.0,18.0,42.0056,Control,48.01932
2.0,2.0,2.0,19.0,58.97219,T1,77.819305
2.0,2.0,2.0,20.0,59.466476,T1,73.59587
2.0,2.0,2.0,21.0,62.272476,T2,63.081585
2.0,2.0,2.0,22.0,54.40462,T1,72.388985
2.0,2.0,2.0,23.0,56.28544,T2,57.27989
2.0,2.0,2.0,24.0,52.020737,Control,63.779137
2.0,2.0,2.0,25.0,59.90671,Control,56.91642
2.0,2.0,2.0,26.0,71.838585,T1,80.76511
2.0,2.0,2.0,27.0,52.659225,T2,53.815815
2.0,2.0,2.0,28.0,45.268803,T2,46.252663
2.0,2.0,2.0,29.0,63.759583,T2,64.84818
2.0,2.0,2.0,30.0,59.9313,T1,79.92431
2.0,2.0,2.0,31.0,45.50562,Control,59.291084
2.0,2.0,2.0,32.0,59.79068,T2,60.707054
2.0,2.0,2.0,33.0,34.659466,T1,43.91066
2.0,2.0,2.0,34.0,63.322914,Control,70.670494
2.0,2.0,2.0,35.0,55.690285,T2,56.63247
2.0,2.0,2.0,36.0,67.1303,T1,92.23263
2.0,2.0,2.0,37.0,60.06082,Control,72.37512
2.0,2.0,2.0,38.0,52.2959,Control,59.36978
3.0,1.0,1.0,1.0,50.90735,Control,57.247623
3.0,1.0,1.0,2.0,54.33076,T1,68.81596
3.0,1.0,1.0,3.0,63.829144,T1,84.56848
3.0,1.0,1.0,4.0,72.96321,T1,82.22504
3.0,1.0,1.0,5.0,58.22033,T1,66.56753
3.0,1.0,1.0,6.0,54.473015,T2,55.47787
3.0,1.0,1.0,7.0,54.786377,Control,78.95574
3.0,1.0,1.0,8.0,49.1086,T1,53.95396
3.0,1.0,1.0,9.0,55.58076,T1,71.45823
3.0,1.0,1.0,10.0,59.793053,T2,61.051468
3.0,1.0,1.0,11.0,54.911995,T2,56.086506
3.0,1.0,1.0,12.0,55.54569,Control,73.55376
3.0,1.0,1.0,13.0,53.7749,Control,57.919632
3.0,1.0,1.0,14.0,72.784805,T1,88.639175
3.0,1.0,1.0,15.0,46.791626,T2,47.72553
3.0,1.0,1.0,16.0,37.966568,Control,69.78463
3.0,1.0,1.0,17.0,35.73325,Control,31.60405
3.0,1.0,1.0,18.0,64.928635,T1,72.50098
3.0,1.0,1.0,19.0,46.25792,T1,61.476254
3.0,1.0,1.0,20.0,53.454426,T2,54.362972
3.0,1.0,1.0,21.0,65.363884,T1,83.51975
3.0,1.0,1.0,22.0,68.153206,T1,89.45534
3.0,1.0,1.0,23.0,50.81922,T2,51.88172
3.0,1.0,1.0,24.0,36.607227,Control,50.20102
3.0,1.0,1.0,25.0,55.12865,Control,54.600136
3.0,1.0,1.0,26.0,41.01191,Control,51.709442
3.0,1.0,1.0,27.0,63.254128,T1,71.9738
3.0,1.0,1.0,28.0,58.60117,T2,59.604385
3.0,1.0,1.0,29.0,52.289577,T1,76.800766
3.0,1.0,1.0,30.0,55.286278,T2,56.19017
3.0,1.0,1.0,31.0,56.292347,Control,65.23374
3.0,1.0,1.0,32.0,71.2715,T2,72.17639
3.0,1.0,1.0,33.0,48.40263,T2,49.63594
3.0,1.0,1.0,34.0,50.639668,Control,55.85431
3.0,1.0,1.0,35.0,61.499744,T1,73.42216
3.0,1.0,1.0,36.0,55.75618,Control,59.638752
3.0,1.0,1.0,37.0,42.68057,T1,59.68862
3.0,1.0,2.0,1.0,46.14907,T2,47.179844
3.0,1.0,2.0,2.0,33.52844,T2,34.499996
3.0,1.0,2.0,3.0,55.440426,T2,56.488213
3.0,1.0,2.0,4.0,52.902943,T2,53.89463
3.0,1.0,2.0,5.0,52.466114,T1,60.36433
3.0,1.0,2.0,6.0,60.540447,T2,61.537388
3.0,1.0,2.0,7.0,49.047634,Control,66.51619
3.0,1.0,2.0,8.0,58.70064,T1,67.39113
3.0,1.0,2.0,9.0,40.028946,Control,54.140953
3.0,1.0,2.0,10.0,62.88774,T1,74.71134
3.0,1.0,2.0,11.0,39.610935,T1,42.676468
3.0,1.0,2.0,12.0,34.41822,T2,35.314384
3.0,1.0,2.0,13.0,60.60162,T1,68.412346
3.0,1.0,2.0,14.0,48.118027,Control,55.962635
3.0,1.0,2.0,15.0,50.094296,T1,56.202362
3.0,1.0,2.0,16.0,60.28297,Control,71.19277
3.0,1.0,2.0,17.0,70.71777,T2,71.85933
3.0,1.0,2.0,18.0,65.380005,Control,70.222404
3.0,1.0,2.0,19.0,43.27372,T2,44.066372
3.0,1.0,2.0,20.0,64.78088,T1,83.35732
3.0,1.0,2.0,21.0,55.623463,Control,80.584625
3.0,1.0,2.0,22.0,76.90771,T1,85.551346
3.0,1.0,2.0,23.0,61.582134,T2,62.572403
3.0,1.0,2.0,24.0,50.45125,Control,59.921913
3.0,1.0,2.0,25.0,53.319775,Control,54.870117
3.0,1.0,2.0,26.0,65.65326,Control,72.58688
3.0,1.0,2.0,27.0,57.001415,Control,60.899353
3.0,1.0,2.0,28.0,52.635254,T1,68.69201
3.0,1.0,2.0,29.0,56.85908,Control,67.94882
3.0,1.0,2.0,30.0,53.542564,T2,54.756893
3.0,1.0,2.0,31.0,38.97416,Control,46.837746
3.0,1.0,2.0,32.0,47.356518,T2,48.329967
3.0,1.0,2.0,33.0,66.72641,T2,67.69844
3.0,1.0,2.0,34.0,53.200233,Control,79.300095
3.0,1.0,2.0,35.0,51.941074,T2,52.942013
3.0,1.0,2.0,36.0,73.10424,T2,74.136116
3.0,1.0,2.0,37.0,48.959545,Control,54.844193
3.0,1.0,2.0,38.0,49.16021,T2,50.256294
3.0,2.0,1.0,1.0,50.12186,T2,51.256012
3.0,2.0,1.0,2.0,65.30521,Control,51.268654
3.0,2.0,1.0,3.0,46.281464,Control,49.863266
3.0,2.0,1.0,4.0,39.49871,T1,45.839184
3.0,2.0,1.0,5.0,42.3939,Control,55.380802
3.0,2.0,1.0,6.0,51.636765,T1,63.89222
3.0,2.0,1.0,7.0,63.755257,T1,71.87793
3.0,2.0,1.0,8.0,69.30861,T2,70.30174
3.0,2.0,1.0,9.0,36.000725,Control,30.051327
3.0,2.0,1.0,10.0,47.480896,Control,55.5459
3.0,2.0,1.0,11.0,46.578083,T1,57.56002
3.0,2.0,1.0,12.0,48.799633,T2,49.85748
3.0,2.0,1.0,13.0,53.13741,Control,76.320724
3.0,2.0,1.0,14.0,52.973232,T1,62.97329
3.0,2.0,1.0,15.0,49.850277,T2,50.964363
3.0,2.0,1.0,16.0,55.971203,Control,57.50171
3.0,2.0,1.0,17.0,29.281214,T2,30.154781
3.0,2.0,1.0,18.0,51.583725,T2,52.6692
3.0,2.0,1.0,19.0,69.96527,T2,71.13168
3.0,2.0,1.0,20.0,74.885925,T1,86.31982
3.0,2.0,1.0,21.0,59.1397,T1,79.185234
3.0,2.0,1.0,22.0,46.823555,T1,59.272465
3.0,2.0,1.0,23.0,85.26148,T2,86.34082
3.0,2.0,1.0,24.0,52.699657,T1,74.1522
3.0,2.0,1.0,25.0,46.578796,T2,47.409794
3.0,2.0,1.0,26.0,58.703342,T1,78.479836
3.0,2.0,1.0,27.0,54.02446,T2,55.196655
3.0,2.0,1.0,28.0,30.989109,T1,48.25312
3.0,2.0,1.0,29.0,53.96815,T2,55.055824
3.0,2.0,1.0,30.0,62.03595,T1,71.109634
3.0,2.0,1.0,31.0,49.307842,T2,50.35541
3.0,2.0,1.0,32.0,50.096233,Control,50.322163
3.0,2.0,1.0,33.0,53.46713,T2,54.5535
3.0,2.0,1.0,34.0,67.05553,T1,85.28734
3.0,2.0,1.0,35.0,48.898735,Control,57.48342
3.0,2.0,1.0,36.0,56.799545,Control,52.78789
3.0,2.0,1.0,37.0,53.2494,Control,78.22196
3.0,2.0,2.0,1.0,62.88427,Control,72.502525
3.0,2.0,2.0,2.0,74.075195,Control,92.97326
3.0,2.0,2.0,3.0,68.4629,T2,69.50653
3.0,2.0,2.0,4.0,56.09591,T1,69.3284
3.0,2.0,2.0,5.0,57.592773,Control,62.248245
3.0,2.0,2.0,6.0,72.15917,T2,73.33267
3.0,2.0,2.0,7.0,49.849247,T1,61.11983
3.0,2.0,2.0,8.0,63.038612,Control,71.14169
3.0,2.0,2.0,9.0,68.88617,T2,69.92452
3.0,2.0,2.0,10.0,55.3631,Control,60.435326
3.0,2.0,2.0,11.0,41.687145,T2,42.75275
3.0,2.0,2.0,12.0,45.683468,Control,52.885025
3.0,2.0,2.0,13.0,56.311058,Control,60.16426
3.0,2.0,2.0,14.0,44.989628,Control,52.025818
3.0,2.0,2.0,15.0,54.611446,T2,55.70197
3.0,2.0,2.0,16.0,58.022514,T2,58.96787
3.0,2.0,2.0,17.0,65.66921,T2,66.64844
3.0,2.0,2.0,18.0,54.257347,T1,65.282295
3.0,2.0,2.0,19.0,56.130417,T2,57.04348
3.0,2.0,2.0,20.0,46.68006,Control,50.864872
3.0,2.0,2.0,21.0,34.029945,T2,34.815815
3.0,2.0,2.0,22.0,38.79766,Control,55.98038
3.0,2.0,2.0,23.0,73.27153,Control,93.514595
3.0,2.0,2.0,24.0,19.078695,Control,27.650845
3.0,2.0,2.0,25.0,53.089504,Control,66.17784
3.0,2.0,2.0,26.0,79.95415,T2,80.812
3.0,2.0,2.0,27.0,49.880695,T2,50.801624
3.0,2.0,2.0,28.0,56.764923,Control,66.02957
3.0,2.0,2.0,29.0,57.853813,Control,49.758984
3.0,2.0,2.0,30.0,61.688637,T2,62.770992
3.0,2.0,2.0,31.0,57.1567,T1,80.55757
3.0,2.0,2.0,32.0,59.403156,Control,88.24797
3.0,2.0,2.0,33.0,63.86263,T1,73.98599
3.0,2.0,2.0,34.0,56.361824,Control,63.38993
3.0,2.0,2.0,35.0,33.539276,T1,46.723858
3.0,2.0,2.0,36.0,25.65549,T1,35.254784
3.0,2.0,2.0,37.0,54.92002,Control,72.46367
3.0,2.0,2.0,38.0,39.199352,T2,40.068707
4.0,1.0,1.0,1.0,51.27277,T1,68.42403
4.0,1.0,1.0,2.0,65.240074,T2,66.15714
4.0,1.0,1.0,3.0,47.7725,Control,53.37462
4.0,1.0,1.0,4.0,64.42809,Control,77.346
4.0,1.0,1.0,5.0,67.6591,T2,68.61453
4.0,1.0,1.0,6.0,71.310265,T1,82.21555
4.0,1.0,1.0,7.0,65.75458,Control,82.69109
4.0,1.0,1.0,8.0,58.473644,T1,77.39782
4.0,1.0,1.0,9.0,70.6507,T1,84.62195
4.0,1.0,1.0,10.0,57.660885,T2,58.551468
4.0,1.0,1.0,11.0,43.47109,Control,66.219696
4.0,1.0,1.0,12.0,52.457726,Control,69.32391
4.0,1.0,1.0,13.0,53.04264,T2,54.02858
4.0,1.0,1.0,14.0,61.758728,Control,76.96838
4.0,1.0,1.0,15.0,65.83101,T2,66.838524
4.0,1.0,1.0,16.0,54.750347,Control,66.72257
4.0,1.0,1.0,17.0,60.32702,T1,72.15744
4.0,1.0,1.0,18.0,73.41546,Control,89.24213
4.0,1.0,1.0,19.0,48.132416,T2,49.208332
4.0,1.0,1.0,20.0,62.24011,T2,63.15725
4.0,1.0,1.0,21.0,41.533073,Control,62.09033
4.0,1.0,1.0,22.0,46.400135,Control,49.33988
4.0,1.0,1.0,23.0,56.85221,T1,75.347115
4.0,1.0,1.0,24.0,58.904675,T1,76.57937
4.0,1.0,1.0,25.0,57.198643,Control,65.717255
4.0,1.0,1.0,26.0,59.218517,Control,81.55514
4.0,1.0,1.0,27.0,62.501564,Control,83.755554
4.0,1.0,1.0,28.0,51.242096,Control,64.151566
4.0,1.0,1.0,29.0,63.34761,T1,78.8235
4.0,1.0,1.0,30.0,54.02217,Control,58.897392
4.0,1.0,1.0,31.0,42.349567,Control,56.034283
4.0,1.0,1.0,32.0,47.16147,Control,67.61767
4.0,1.0,1.0,33.0,71.19074,Control,70.42322
4.0,1.0,1.0,34.0,64.7482,T1,74.19356
4.0,1.0,1.0,35.0,48.917366,Control,71.898636
4.0,1.0,1.0,36.0,54.878796,Control,57.478683
4.0,1.0,1.0,37.0,77.89659,T1,82.04187
4.0,1.0,2.0,1.0,57.00414,Control,78.913124
4.0,1.0,2.0,2.0,49.247562,Control,63.109013
4.0,1.0,2.0,3.0,53.24979,Control,74.69075
4.0,1.0,2.0,4.0,56.636066,T1,76.712494
4.0,1.0,2.0,5.0,42.01093,Control,42.58707
4.0,1.0,2.0,6.0,73.69191,Control,88.485725
4.0,1.0,2.0,7.0,55.092808,Control,68.96128
4.0,1.0,2.0,8.0,47.59052,Control,48.51716
4.0,1.0,2.0,9.0,48.027283,T2,49.134514
4.0,1.0,2.0,10.0,40.000496,T1,52.980896
4.0,1.0,2.0,11.0,48.791775,T2,49.8542
4.0,1.0,2.0,12.0,60.578556,Control,73.51808
4.0,1.0,2.0,13.0,42.197308,T2,43.296326
4.0,1.0,2.0,14.0,44.414417,T1,55.491547
4.0,1.0,2.0,15.0,65.450165,T1,70.83058
4.0,1.0,2.0,16.0,47.0053,T1,66.48387
4.0,1.0,2.0,17.0,50.300022,T1,67.78147
4.0,1.0,2.0,18.0,61.874912,T1,90.85007
4.0,1.0,2.0,19.0,63.65995,T1,84.73357
4.0,1.0,2.0,20.0,64.41245,T1,80.10617
4.0,1.0,2.0,21.0,51.70457,Control,56.07373
4.0,1.0,2.0,22.0,68.65375,T2,69.67778
4.0,1.0,2.0,23.0,38.442295,Control,41.533947
4.0,1.0,2.0,24.0,62.293808,T2,63.31482
4.0,1.0,2.0,25.0,61.956303,T2,63.04968
4.0,1.0,2.0,26.0,60.52973,Control,70.38283
4.0,1.0,2.0,27.0,50.583843,T2,51.71126
4.0,1.0,2.0,28.0,47.17385,T1,51.782555
4.0,1.0,2.0,29.0,71.224236,T2,72.12085
4.0,1.0,2.0,30.0,37.579723,Control,45.3946
4.0,1.0,2.0,31.0,62.67911,T1,79.16189
4.0,1.0,2.0,32.0,56.725132,Control,70.18625
4.0,1.0,2.0,33.0,59.74346,T1,71.77851
4.0,1.0,2.0,34.0,64.1072,T1,84.68752
4.0,1.0,2.0,35.0,61.11556,T1,67.82457
4.0,1.0,2.0,36.0,82.5238,Control,85.535484
4.0,1.0,2.0,37.0,42.246235,T1,55.08766
4.0,1.0,2.0,38.0,53.006474,Control,61.650482
4.0,2.0,1.0,1.0,49.732533,T2,50.65879
4.0,2.0,1.0,2.0,44.06149,T1,47.870037
4.0,2.0,1.0,3.0,55.61532,T1,61.16082
4.0,2.0,1.0,4.0,67.01386,T1,75.2602
4.0,2.0,1.0,5.0,53.57862,T2,54.44413
4.0,2.0,1.0,6.0,49.19998,Control,62.97975
4.0,2.0,1.0,7.0,49.844494,T1,73.84523
4.0,2.0,1.0,8.0,64.3287,T1,71.19102
4.0,2.0,1.0,9.0,40.47811,T2,41.436047
4.0,2.0,1.0,10.0,42.492065,T1,56.48056
4.0,2.0,1.0,11.0,48.901535,T1,64.13343
4.0,2.0,1.0,12.0,71.45596,T1,84.22743
4.0,2.0,1.0,13.0,58.825714,Control,62.23487
4.0,2.0,1.0,14.0,55.11817,T2,56.067772
4.0,2.0,1.0,15.0,43.997982,Control,47.662838
4.0,2.0,1.0,16.0,60.23902,T2,61.284977
4.0,2.0,1.0,17.0,48.331055,Control,46.81416
4.0,2.0,1.0,18.0,61.609386,T2,62.640877
4.0,2.0,1.0,19.0,52.64216,T1,70.767426
4.0,2.0,1.0,20.0,54.956753,T1,66.91656
4.0,2.0,1.0,21.0,56.16337,Control,70.46661
4.0,2.0,1.0,22.0,52.25555,T1,64.49491
4.0,2.0,1.0,23.0,50.02168,T1,64.44484
4.0,2.0,1.0,24.0,54.444164,T2,55.607883
4.0,2.0,1.0,25.0,53.64973,T1,68.08118
4.0,2.0,1.0,26.0,53.800957,T2,54.66731
4.0,2.0,1.0,27.0,55.888092,Control,74.814674
4.0,2.0,1.0,28.0,48.997494,Control,63.850456
4.0,2.0,1.0,29.0,60.974808,T2,61.890217
4.0,2.0,1.0,30.0,42.037884,Control,48.76746
4.0,2.0,1.0,31.0,66.166016,T2,67.10627
4.0,2.0,1.0,32.0,61.259186,Control,60.69554
4.0,2.0,1.0,33.0,57.544308,T2,58.58027
4.0,2.0,1.0,34.0,55.214844,Control,69.94234
4.0,2.0,1.0,35.0,59.058964,T1,68.94025
4.0,2.0,1.0,36.0,55.08214,Control,54.77451
4.0,2.0,1.0,37.0,76.36602,Control,95.10763
4.0,2.0,2.0,1.0,49.728214,T2,50.75409
4.0,2.0,2.0,2.0,42.35158,Control,54.881752
4.0,2.0,2.0,3.0,63.990948,T2,65.25772
4.0,2.0,2.0,4.0,45.953568,T1,59.807503
4.0,2.0,2.0,5.0,45.182785,T2,46.302822
4.0,2.0,2.0,6.0,58.61209,T2,59.63268
4.0,2.0,2.0,7.0,67.96209,T1,83.03952
4.0,2.0,2.0,8.0,58.37557,T1,74.500336
4.0,2.0,2.0,9.0,53.162533,Control,72.318855
4.0,2.0,2.0,10.0,52.577667,Control,66.28198
4.0,2.0,2.0,11.0,59.07217,T1,65.087296
4.0,2.0,2.0,12.0,42.435078,T1,59.56475
4.0,2.0,2.0,13.0,59.040443,T1,75.46559
4.0,2.0,2.0,14.0,69.60467,T1,84.03253
4.0,2.0,2.0,15.0,46.395527,Control,51.726643
4.0,2.0,2.0,16.0,45.61001,Control,68.08855
4.0,2.0,2.0,17.0,36.39351,T2,37.479404
4.0,2.0,2.0,18.0,65.972786,T2,66.869835
4.0,2.0,2.0,19.0,57.397842,Control,74.86929
4.0,2.0,2.0,20.0,60.70661,Control,63.360806
4.0,2.0,2.0,21.0,70.26972,Control,75.683556
4.0,2.0,2.0,22.0,51.39076,T2,52.512928
4.0,2.0,2.0,23.0,68.739784,T1,89.88714
4.0,2.0,2.0,24.0,34.35589,T2,35.478058
4.0,2.0,2.0,25.0,76.75351,Control,97.50284
4.0,2.0,2.0,26.0,51.701725,T1,73.58223
4.0,2.0,2.0,27.0,51.325336,T1,68.821014
4.0,2.0,2.0,28.0,69.61074,T1,82.177536
4.0,2.0,2.0,29.0,53.006138,T1,71.89719
4.0,2.0,2.0,30.0,63.298065,Control,69.644745
4.0,2.0,2.0,31.0,74.06479,T2,75.255424
4.0,2.0,2.0,32.0,44.209343,T1,61.96205
4.0,2.0,2.0,33.0,52.8518,T1,70.72157
4.0,2.0,2.0,34.0,52.28962,Control,52.27234
4.0,2.0,2.0,35.0,62.035748,T1,78.53505
4.0,2.0,2.0,36.0,69.019264,T1,74.004845
4.0,2.0,2.0,37.0,56.82656,T2,57.68935
4.0,2.0,2.0,38.0,57.71356,Control,69.31095
5.0,1.0,1.0,1.0,87.44307,T2,88.49232
5.0,1.0,1.0,2.0,61.186893,Control,80.042984
5.0,1.0,1.0,3.0,52.627857,T1,61.77645
5.0,1.0,1.0,4.0,60.858467,T2,61.92116
5.0,1.0,1.0,5.0,44.220825,Control,48.32864
5.0,1.0,1.0,6.0,62.301956,T2,63.159992
5.0,1.0,1.0,7.0,61.74185,T1,82.09485
5.0,1.0,1.0,8.0,66.71538,T2,67.586624
5.0,1.0,1.0,9.0,61.09088,T1,68.75447
5.0,1.0,1.0,10.0,52.78582,T2,53.800312
5.0,1.0,1.0,11.0,64.81479,T1,80.21329
5.0,1.0,1.0,12.0,53.562065,T2,54.502647
5.0,1.0,1.0,13.0,46.659443,T1,63.23243
5.0,1.0,1.0,14.0,47.790424,T2,48.76933
5.0,1.0,1.0,15.0,48.94816,T1,69.40166
5.0,1.0,1.0,16.0,58.36897,T2,59.4922
5.0,1.0,1.0,17.0,68.86148,T2,69.77757
5.0,1.0,1.0,18.0,72.83542,Control,99.79664
5.0,1.0,1.0,19.0,68.13337,T1,85.350555
5.0,1.0,1.0,20.0,59.064026,Control,73.41499
5.0,1.0,1.0,21.0,52.536907,Control,81.3737
5.0,1.0,1.0,22.0,57.570972,Control,50.76796
5.0,1.0,1.0,23.0,61.995075,Control,65.74332
5.0,1.0,1.0,24.0,68.277084,T2,69.4767
5.0,1.0,1.0,25.0,58.144306,Control,68.26226
5.0,1.0,1.0,26.0,60.229145,T2,61.23344
5.0,1.0,1.0,27.0,54.39785,T1,66.69814
5.0,1.0,1.0,28.0,41.03903,Control,38.156895
5.0,1.0,1.0,29.0,51.846413,T1,54.991043
5.0,1.0,1.0,30.0,69.011986,T2,70.174515
5.0,1.0,1.0,31.0,60.340294,Control,91.42759
5.0,1.0,1.0,32.0,54.153416,T1,72.808105
5.0,1.0,1.0,33.0,45.905872,T2,46.993633
5.0,1.0,1.0,34.0,56.321625,T2,57.23449
5.0,1.0,1.0,35.0,76.55134,T2,77.52496
5.0,1.0,1.0,36.0,56.552147,Control,63.366673
5.0,1.0,1.0,37.0,46.7895,T1,53.37491
5.0,1.0,2.0,1.0,52.672558,Control,57.562523
5.0,1.0,2.0,2.0,62.941723,T1,75.11901
5.0,1.0,2.0,3.0,63.6188,T2,64.62138
5.0,1.0,2.0,4.0,82.00987,Control,76.55469
5.0,1.0,2.0,5.0,56.4247,T1,76.92662
5.0,1.0,2.0,6.0,47.705505,Control,71.63157
5.0,1.0,2.0,7.0,50.258587,Control,60.9466
5.0,1.0,2.0,8.0,58.877697,T2,59.95067
5.0,1.0,2.0,9.0,40.236523,T2,41.198315
5.0,1.0,2.0,10.0,54.261154,T2,55.329033
5.0,1.0,2.0,11.0,60.13425,Control,74.66633
5.0,1.0,2.0,12.0,51.73207,T1,64.12201
5.0,1.0,2.0,13.0,65.99005,T2,66.92773
5.0,1.0,2.0,14.0,58.239494,T1,69.14917
5.0,1.0,2.0,15.0,58.50161,T1,75.27959
5.0,1.0,2.0,16.0,55.322292,Control,52.981476
5.0,1.0,2.0,17.0,63.36292,Control,76.304794
5.0,1.0,2.0,18.0,50.41133,T1,69.73566
5.0,1.0,2.0,19.0,50.138504,T2,51.18558
5.0,1.0,2.0,20.0,61.43628,T2,62.507404
5.0,1.0,2.0,21.0,64.09388,T2,65.17179
5.0,1.0,2.0,22.0,56.847828,T2,57.707256
5.0,1.0,2.0,23.0,58.00686,Control,73.5019
5.0,1.0,2.0,24.0,57.06995,T1,76.57842
5.0,1.0,2.0,25.0,46.04305,Control,50.50329
5.0,1.0,2.0,26.0,58.01799,T2,58.98808
5.0,1.0,2.0,27.0,68.3079,Control,65.918846
5.0,1.0,2.0,28.0,48.127083,T2,49.136364
5.0,1.0,2.0,29.0,52.147587,T1,68.4837
5.0,1.0,2.0,30.0,68.90886,T2,69.91727
5.0,1.0,2.0,31.0,51.351803,T1,51.64012
5.0,1.0,2.0,32.0,40.214462,T1,49.806694
5.0,1.0,2.0,33.0,60.83101,T2,61.627644
5.0,1.0,2.0,34.0,44.394688,T1,52.802322
5.0,1.0,2.0,35.0,63.14418,T1,70.45205
5.0,1.0,2.0,36.0,46.68734,Control,60.96714
5.0,1.0,2.0,37.0,55.102264,T1,60.746357
5.0,1.0,2.0,38.0,67.64135,T2,68.79588
5.0,2.0,1.0,1.0,47.905712,Control,61.862843
5.0,2.0,1.0,2.0,50.83124,Control,66.04631
5.0,2.0,1.0,3.0,54.69127,Control,44.427536
5.0,2.0,1.0,4.0,67.612946,Control,91.11858
5.0,2.0,1.0,5.0,44.118294,T2,45.032322
5.0,2.0,1.0,6.0,58.054836,T2,59.095222
5.0,2.0,1.0,7.0,49.286766,Control,48.75324
5.0,2.0,1.0,8.0,65.72218,T2,66.54514
5.0,2.0,1.0,9.0,55.535686,T2,56.372562
5.0,2.0,1.0,10.0,53.36325,T2,54.468037
5.0,2.0,1.0,11.0,25.56179,T1,46.51996
5.0,2.0,1.0,12.0,48.50469,T2,49.557198
5.0,2.0,1.0,13.0,44.779755,T2,45.75406
5.0,2.0,1.0,14.0,60.035213,Control,71.07362
5.0,2.0,1.0,15.0,62.159622,T2,63.153954
5.0,2.0,1.0,16.0,68.19976,T1,84.88605
5.0,2.0,1.0,17.0,60.850082,Control,75.020775
5.0,2.0,1.0,18.0,47.72863,Control,59.68342
5.0,2.0,1.0,19.0,54.79945,T2,55.77917
5.0,2.0,1.0,20.0,53.34538,Control,72.34303
5.0,2.0,1.0,21.0,61.578224,T1,78.994934
5.0,2.0,1.0,22.0,56.60004,Control,74.27989
5.0,2.0,1.0,23.0,57.971222,T2,58.825638
5.0,2.0,1.0,24.0,49.62494,T2,50.70629
5.0,2.0,1.0,25.0,64.5888,Control,76.56924
5.0,2.0,1.0,26.0,70.932655,T1,87.45122
5.0,2.0,1.0,27.0,64.075905,T1,75.28941
5.0,2.0,1.0,28.0,53.424454,T1,82.89116
5.0,2.0,1.0,29.0,65.45466,T1,77.30214
5.0,2.0,1.0,30.0,47.03192,T2,47.990005
5.0,2.0,1.0,31.0,53.547367,T2,54.52377
5.0,2.0,1.0,32.0,48.5823,T2,49.469135
5.0,2.0,1.0,33.0,40.896973,T2,41.77264
5.0,2.0,1.0,34.0,63.589916,T2,64.67621
5.0,2.0,1.0,35.0,61.192505,T1,80.76971
5.0,2.0,1.0,36.0,46.212803,Control,48.84123
5.0,2.0,1.0,37.0,47.933853,T1,53.211147
5.0,2.0,2.0,1.0,68.51338,T2,69.55633
5.0,2.0,2.0,2.0,62.350136,T2,63.36416
5.0,2.0,2.0,3.0,55.035843,T1,68.44757
5.0,2.0,2.0,4.0,64.016235,T1,72.27498
5.0,2.0,2.0,5.0,71.532524,T1,92.367744
5.0,2.0,2.0,6.0,42.470463,T2,43.670616
5.0,2.0,2.0,7.0,60.74848,Control,70.79322
5.0,2.0,2.0,8.0,59.851112,T2,60.862186
5.0,2.0,2.0,9.0,42.944073,T1,51.250748
5.0,2.0,2.0,10.0,52.137836,T2,53.17367
5.0,2.0,2.0,11.0,41.670994,T2,42.634605
5.0,2.0,2.0,12.0,64.54817,T2,65.54706
5.0,2.0,2.0,13.0,43.566242,Control,48.175987
5.0,2.0,2.0,14.0,35.34444,T1,55.600063
5.0,2.0,2.0,15.0,55.07451,T1,74.3442
5.0,2.0,2.0,16.0,70.55569,T2,71.608315
5.0,2.0,2.0,17.0,63.60897,T2,64.388084
5.0,2.0,2.0,18.0,54.873795,T2,55.92933
5.0,2.0,2.0,19.0,50.407387,T1,55.56949
5.0,2.0,2.0,20.0,41.056213,Control,48.118465
5.0,2.0,2.0,21.0,77.25821,T1,91.13958
5.0,2.0,2.0,22.0,47.561314,Control,52.15261
5.0,2.0,2.0,23.0,80.66378,Control,96.36693
5.0,2.0,2.0,24.0,66.145485,Control,89.069824
5.0,2.0,2.0,25.0,48.504177,T2,49.374798
5.0,2.0,2.0,26.0,50.532463,T1,68.54664
5.0,2.0,2.0,27.0,49.792114,T1,59.05213
5.0,2.0,2.0,28.0,56.40917,T2,57.247902
5.0,2.0,2.0,29.0,44.24501,Control,44.5084
5.0,2.0,2.0,30.0,55.3589,Control,66.70192
5.0,2.0,2.0,31.0,46.825714,T1,62.858727
5.0,2.0,2.0,32.0,59.712997,Control,82.428986
5.0,2.0,2.0,33.0,57.35717,Control,74.07128
5.0,2.0,2.0,34.0,52.727562,T1,68.29557
5.0,2.0,2.0,35.0,58.00549,T2,59.040665
5.0,2.0,2.0,36.0,73.5384,T2,74.57273
5.0,2.0,2.0,37.0,54.01792,Control,56.703472
5.0,2.0,2.0,38.0,55.484642,Control,86.76633
6.0,1.0,1.0,1.0,60.93534,T2,61.957436
6.0,1.0,1.0,2.0,54.63294,T2,55.680916
6.0,1.0,1.0,3.0,80.708275,Control,90.72944
6.0,1.0,1.0,4.0,37.359203,T1,49.380527
6.0,1.0,1.0,5.0,64.58098,Control,60.855526
6.0,1.0,1.0,6.0,43.79582,Control,49.300423
6.0,1.0,1.0,7.0,82.492256,Control,90.1841
6.0,1.0,1.0,8.0,48.6993,T2,49.742
6.0,1.0,1.0,9.0,40.911297,Control,58.612324
6.0,1.0,1.0,10.0,37.776703,T2,38.851494
6.0,1.0,1.0,11.0,60.43302,Control,64.138954
6.0,1.0,1.0,12.0,58.93394,T2,59.97077
6.0,1.0,1.0,13.0,39.04063,Control,29.300339
6.0,1.0,1.0,14.0,46.900368,Control,62.409176
6.0,1.0,1.0,15.0,61.693443,Control,77.35345
6.0,1.0,1.0,16.0,50.258965,T2,51.164043
6.0,1.0,1.0,17.0,53.529182,T1,73.3929
6.0,1.0,1.0,18.0,56.386192,T2,57.391727
6.0,1.0,1.0,19.0,57.95754,Control,66.66316
6.0,1.0,1.0,20.0,74.49337,T2,75.615555
6.0,1.0,1.0,21.0,43.486576,T1,49.148808
6.0,1.0,1.0,22.0,50.284184,T2,51.334564
6.0,1.0,1.0,23.0,69.448784,T1,79.017136
6.0,1.0,1.0,24.0,37.891987,T1,61.780914
6.0,1.0,1.0,25.0,41.89706,T1,57.976624
6.0,1.0,1.0,26.0,51.298237,T2,52.348164
6.0,1.0,1.0,27.0,57.046837,T1,75.62927
6.0,1.0,1.0,28.0,43.75906,T1,63.51754
6.0,1.0,1.0,29.0,43.3948,T2,44.316673
6.0,1.0,1.0,30.0,65.46677,T2,66.4447
6.0,1.0,1.0,31.0,58.25272,T1,74.66503
6.0,1.0,1.0,32.0,52.487625,Control,63.118023
6.0,1.0,1.0,33.0,61.954773,Control,71.550934
6.0,1.0,1.0,34.0,63.414345,Control,60.590622
6.0,1.0,1.0,35.0,50.252003,Control,70.62409
6.0,1.0,1.0,36.0,60.92125,T2,61.74688
6.0,1.0,1.0,37.0,55.751812,T1,66.37953
6.0,1.0,2.0,1.0,58.877285,T1,76.88606
6.0,1.0,2.0,2.0,64.0897,Control,67.981674
6.0,1.0,2.0,3.0,58.592068,T1,61.953686
6.0,1.0,2.0,4.0,67.63815,Control,64.824486
6.0,1.0,2.0,5.0,60.787064,T1,83.90077
6.0,1.0,2.0,6.0,68.99643,T1,88.863556
6.0,1.0,2.0,7.0,53.805508,Control,60.596027
6.0,1.0,2.0,8.0,35.791912,T1,46.38648
6.0,1.0,2.0,9.0,74.83596,Control,74.949425
6.0,1.0,2.0,10.0,69.57427,Control,67.27117
6.0,1.0,2.0,11.0,60.633137,Control,85.11637
6.0,1.0,2.0,12.0,74.57375,T2,75.74031
6.0,1.0,2.0,13.0,66.36883,T2,67.49417
6.0,1.0,2.0,14.0,52.432487,T2,53.31641
6.0,1.0,2.0,15.0,46.161148,T2,47.105362
6.0,1.0,2.0,16.0,40.825813,T1,55.770523
6.0,1.0,2.0,17.0,63.059776,T2,63.957546
6.0,1.0,2.0,18.0,62.744793,T1,80.301735
6.0,1.0,2.0,19.0,31.933067,Control,42.37007
6.0,1.0,2.0,20.0,67.19018,T1,79.32822
6.0,1.0,2.0,21.0,48.366238,T2,49.2987
6.0,1.0,2.0,22.0,52.154785,T2,53.25151
6.0,1.0,2.0,23.0,37.39175,T2,38.340134
6.0,1.0,2.0,24.0,56.68568,T2,57.684566
6.0,1.0,2.0,25.0,52.763313,T2,53.676964
6.0,1.0,2.0,26.0,60.76768,T2,61.77935
6.0,1.0,2.0,27.0,86.86542,T1,100.88929
6.0,1.0,2.0,28.0,46.1476,T2,47.254074
6.0,1.0,2.0,29.0,56.689686,T2,57.64146
6.0,1.0,2.0,30.0,47.341187,Control,61.81343
6.0,1.0,2.0,31.0,66.94188,T2,68.07063
6.0,1.0,2.0,32.0,55.81018,T2,56.800255
6.0,1.0,2.0,33.0,54.52798,T2,55.586357
6.0,1.0,2.0,34.0,51.927475,T2,52.770565
6.0,1.0,2.0,35.0,36.666843,T2,37.71335
6.0,1.0,2.0,36.0,55.29836,Control,61.63351
6.0,1.0,2.0,37.0,55.064903,T1,67.10446
6.0,1.0,2.0,38.0,60.04265,T2,61.026894
6.0,2.0,1.0,1.0,59.49679,T1,70.74492
6.0,2.0,1.0,2.0,52.841343,T1,66.32103
6.0,2.0,1.0,3.0,53.279453,Control,72.00202
6.0,2.0,1.0,4.0,72.0628,T1,90.49306
6.0,2.0,1.0,5.0,81.62303,T2,82.64967
6.0,2.0,1.0,6.0,33.633533,T1,40.725452
6.0,2.0,1.0,7.0,43.950947,Control,57.372635
6.0,2.0,1.0,8.0,61.535114,T2,62.52886
6.0,2.0,1.0,9.0,52.420395,Control,57.469536
6.0,2.0,1.0,10.0,70.402176,Control,80.57769
6.0,2.0,1.0,11.0,44.25646,Control,48.185333
6.0,2.0,1.0,12.0,39.29798,Control,61.753834
6.0,2.0,1.0,13.0,31.669859,Control,43.7048
6.0,2.0,1.0,14.0,55.112,Control,60.822784
6.0,2.0,1.0,15.0,39.227528,Control,56.49579
6.0,2.0,1.0,16.0,53.47196,T2,54.433044
6.0,2.0,1.0,17.0,42.559814,T1,63.476677
6.0,2.0,1.0,18.0,32.929928,T2,34.06977
6.0,2.0,1.0,19.0,43.639187,T1,65.33195
6.0,2.0,1.0,20.0,52.91522,T2,53.992764
6.0,2.0,1.0,21.0,68.050606,Control,81.66545
6.0,2.0,1.0,22.0,45.420094,T2,46.498272
6.0,2.0,1.0,23.0,53.9023,T1,74.184204
6.0,2.0,1.0,24.0,51.94108,T1,77.11775
6.0,2.0,1.0,25.0,56.365974,T2,57.30545
6.0,2.0,1.0,26.0,46.273254,T1,54.185272
6.0,2.0,1.0,27.0,51.40818,T1,69.23278
6.0,2.0,1.0,28.0,38.649544,Control,37.296875
6.0,2.0,1.0,29.0,44.870796,Control,51.07366
6.0,2.0,1.0,30.0,45.02765,T1,65.58421
6.0,2.0,1.0,31.0,49.268005,T1,67.250244
6.0,2.0,1.0,32.0,63.9669,Control,81.55928
6.0,2.0,1.0,33.0,49.58267,T2,50.665554
6.0,2.0,1.0,34.0,44.081528,T1,59.059414
6.0,2.0,1.0,35.0,54.154053,T1,66.0033
6.0,2.0,1.0,36.0,49.237392,T2,50.235626
6.0,2.0,1.0,37.0,61.793636,Control,67.01307
6.0,2.0,2.0,1.0,43.335533,T1,53.152122
6.0,2.0,2.0,2.0,53.58828,Control,58.60117
6.0,2.0,2.0,3.0,47.518772,Control,68.90958
6.0,2.0,2.0,4.0,60.537674,T1,74.80463
6.0,2.0,2.0,5.0,57.96572,T2,58.9894
6.0,2.0,2.0,6.0,45.68923,T1,63.786148
6.0,2.0,2.0,7.0,58.8361,T2,59.922318
6.0,2.0,2.0,8.0,61.757984,T2,62.793915
6.0,2.0,2.0,9.0,68.3076,T1,71.80427
6.0,2.0,2.0,10.0,46.86464,Control,51.131004
6.0,2.0,2.0,11.0,57.722076,Control,47.85675
6.0,2.0,2.0,12.0,64.24267,T2,65.324585
6.0,2.0,2.0,13.0,54.682987,T2,55.44621
6.0,2.0,2.0,14.0,41.032745,T2,42.041245
6.0,2.0,2.0,15.0,74.11744,T1,102.524055
6.0,2.0,2.0,16.0,40.955185,Control,40.962223
6.0,2.0,2.0,17.0,67.813736,T1,87.61416
6.0,2.0,2.0,18.0,44.454704,T2,45.51885
6.0,2.0,2.0,19.0,53.84335,T1,72.9617
6.0,2.0,2.0,20.0,43.830116,T1,54.773296
6.0,2.0,2.0,21.0,42.64698,T2,43.644794
6.0,2.0,2.0,22.0,41.773987,T2,42.824852
6.0,2.0,2.0,23.0,49.229324,T1,70.31642
6.0,2.0,2.0,24.0,44.768616,Control,58.091297
6.0,2.0,2.0,25.0,35.025963,T1,53.9518
6.0,2.0,2.0,26.0,46.81222,T2,47.91469
6.0,2.0,2.0,27.0,61.03592,Control,59.00938
6.0,2.0,2.0,28.0,44.61597,T2,45.656822
6.0,2.0,2.0,29.0,50.205357,Control,57.846184
6.0,2.0,2.0,30.0,66.99238,T2,67.85808
6.0,2.0,2.0,31.0,34.123062,T1,54.626144
6.0,2.0,2.0,32.0,35.510902,T1,44.50857
6.0,2.0,2.0,33.0,68.32391,T2,69.38083
6.0,2.0,2.0,34.0,54.142548,T1,66.94963
6.0,2.0,2.0,35.0,62.49589,T2,63.379036
6.0,2.0,2.0,36.0,68.78287,T2,69.82814
6.0,2.0,2.0,37.0,53.93743,T2,54.919506
6.0,2.0,2.0,38.0,54.83927,Control,67.943184
7.0,1.0,1.0,1.0,50.63991,Control,58.819534
7.0,1.0,1.0,2.0,47.19254,Control,57.1387
7.0,1.0,1.0,3.0,39.353775,T1,51.782177
7.0,1.0,1.0,4.0,55.336014,Control,72.906654
7.0,1.0,1.0,5.0,49.576817,Control,62.21656
7.0,1.0,1.0,6.0,57.962704,T2,58.94619
7.0,1.0,1.0,7.0,55.16793,T2,56.16834
7.0,1.0,1.0,8.0,46.104347,Control,54.078438
7.0,1.0,1.0,9.0,67.41686,T2,68.437096
7.0,1.0,1.0,10.0,43.112602,Control,72.60403
7.0,1.0,1.0,11.0,56.02341,T2,57.19741
7.0,1.0,1.0,12.0,51.874355,Control,77.13954
7.0,1.0,1.0,13.0,68.44376,T1,77.57257
7.0,1.0,1.0,14.0,45.131065,T2,46.04493
7.0,1.0,1.0,15.0,46.683636,T2,47.65484
7.0,1.0,1.0,16.0,55.499573,T2,56.490322
7.0,1.0,1.0,17.0,61.65407,Control,86.55463
7.0,1.0,1.0,18.0,53.74152,T1,72.35687
7.0,1.0,1.0,19.0,67.488,Control,72.95404
7.0,1.0,1.0,20.0,36.306377,T1,54.726265
7.0,1.0,1.0,21.0,53.418907,T2,54.5339
7.0,1.0,1.0,22.0,48.773018,T1,76.64801
7.0,1.0,1.0,23.0,48.076927,T2,49.020763
7.0,1.0,1.0,24.0,26.138924,Control,35.648186
7.0,1.0,1.0,25.0,41.428276,T1,64.17424
7.0,1.0,1.0,26.0,61.664684,T2,62.651596
7.0,1.0,1.0,27.0,51.586685,T1,68.77734
7.0,1.0,1.0,28.0,57.85737,T1,77.00601
7.0,1.0,1.0,29.0,50.64272,T2,51.693558
7.0,1.0,1.0,30.0,45.917423,Control,68.327515
7.0,1.0,1.0,31.0,46.106678,Control,48.79725
7.0,1.0,1.0,32.0,27.93012,T1,48.39657
7.0,1.0,1.0,33.0,60.706867,T1,79.429924
7.0,1.0,1.0,34.0,69.97148,T1,81.234055
7.0,1.0,1.0,35.0,55.364315,Control,51.897697
7.0,1.0,1.0,36.0,27.424635,Control,43.63354
7.0,1.0,1.0,37.0,72.022804,T2,73.03036
7.0,1.0,2.0,1.0,58.615112,Control,61.912018
7.0,1.0,2.0,2.0,53.119385,Control,83.26315
7.0,1.0,2.0,3.0,38.871696,T1,57.611794
7.0,1.0,2.0,4.0,49.18666,Control,66.30536
7.0,1.0,2.0,5.0,50.02832,Control,67.3421
7.0,1.0,2.0,6.0,55.473057,T1,57.487732
7.0,1.0,2.0,7.0,67.98054,T1,79.641335
7.0,1.0,2.0,8.0,68.27751,Control,86.56644
7.0,1.0,2.0,9.0,53.604473,T2,54.659924
7.0,1.0,2.0,10.0,41.578968,Control,52.793953
7.0,1.0,2.0,11.0,54.912712,Control,69.20579
7.0,1.0,2.0,12.0,54.465252,Control,44.809288
7.0,1.0,2.0,13.0,46.66656,T2,47.654198
7.0,1.0,2.0,14.0,53.676216,Control,64.5419
7.0,1.0,2.0,15.0,47.39289,T2,48.471188
7.0,1.0,2.0,16.0,56.129562,T1,71.86065
7.0,1.0,2.0,17.0,63.309406,Control,69.05446
7.0,1.0,2.0,18.0,73.04783,T1,88.118195
7.0,1.0,2.0,19.0,37.13125,T2,38.011513
7.0,1.0,2.0,20.0,33.142315,T1,53.524033
7.0,1.0,2.0,21.0,66.812164,T1,91.78589
7.0,1.0,2.0,22.0,67.613144,T2,68.70734
7.0,1.0,2.0,23.0,80.28303,T2,81.35711
7.0,1.0,2.0,24.0,61.957542,T1,70.001366
7.0,1.0,2.0,25.0,57.228836,T1,73.22519
7.0,1.0,2.0,26.0,69.572464,T2,70.46574
7.0,1.0,2.0,27.0,79.54024,T1,105.95951
7.0,1.0,2.0,28.0,56.548172,T2,57.519436
7.0,1.0,2.0,29.0,54.243267,T2,55.41787
7.0,1.0,2.0,30.0,64.81537,T2,65.796585
7.0,1.0,2.0,31.0,77.60474,T1,91.390396
7.0,1.0,2.0,32.0,57.45414,T2,58.404457
7.0,1.0,2.0,33.0,49.199448,T2,50.142944
7.0,1.0,2.0,34.0,61.02467,Control,71.95372
7.0,1.0,2.0,35.0,67.35874,T1,92.94247
7.0,1.0,2.0,36.0,42.707195,T1,65.06261
7.0,1.0,2.0,37.0,61.105873,T2,62.14504
7.0,1.0,2.0,38.0,64.52601,Control,81.61644
7.0,2.0,1.0,1.0,76.35377,T2,77.230965
7.0,2.0,1.0,2.0,64.739235,Control,65.52833
7.0,2.0,1.0,3.0,38.003674,T2,38.98604
7.0,2.0,1.0,4.0,53.0972,T1,72.95517
7.0,2.0,1.0,5.0,61.14421,T2,62.418507
7.0,2.0,1.0,6.0,31.734358,T1,43.847145
7.0,2.0,1.0,7.0,64.716324,T2,65.51151
7.0,2.0,1.0,8.0,44.005753,Control,40.03828
7.0,2.0,1.0,9.0,70.47236,T1,83.386406
7.0,2.0,1.0,10.0,54.44771,T2,55.301052
7.0,2.0,1.0,11.0,55.647163,Control,74.615105
7.0,2.0,1.0,12.0,40.055527,T1,53.134163
7.0,2.0,1.0,13.0,40.639484,Control,39.971176
7.0,2.0,1.0,14.0,36.681873,T2,37.969418
7.0,2.0,1.0,15.0,60.435703,T2,61.380775
7.0,2.0,1.0,16.0,64.091866,Control,71.41625
7.0,2.0,1.0,17.0,64.82633,Control,65.054276
7.0,2.0,1.0,18.0,56.29034,T2,57.073288
7.0,2.0,1.0,19.0,57.11178,T1,72.85496
7.0,2.0,1.0,20.0,50.886383,Control,57.43752
7.0,2.0,1.0,21.0,52.502983,T2,53.49559
7.0,2.0,1.0,22.0,33.982826,T1,47.18636
7.0,2.0,1.0,23.0,59.00055,T1,68.196335
7.0,2.0,1.0,24.0,51.78532,Control,53.403557
7.0,2.0,1.0,25.0,51.26025,T2,52.14918
7.0,2.0,1.0,26.0,55.976498,T2,57.038986
7.0,2.0,1.0,27.0,58.67411,T1,61.008087
7.0,2.0,1.0,28.0,60.886417,T2,61.661285
7.0,2.0,1.0,29.0,66.0125,T2,67.029045
7.0,2.0,1.0,30.0,66.40482,T2,67.21667
7.0,2.0,1.0,31.0,73.41963,Control,83.8974
7.0,2.0,1.0,32.0,55.114735,Control,62.327957
7.0,2.0,1.0,33.0,71.312035,T2,72.305336
7.0,2.0,1.0,34.0,55.68473,T2,56.754284
7.0,2.0,1.0,35.0,70.9348,T2,71.86989
7.0,2.0,1.0,36.0,49.29963,T1,58.147312
7.0,2.0,1.0,37.0,65.07049,T1,80.9888
7.0,2.0,2.0,1.0,46.232944,T2,47.042522
7.0,2.0,2.0,2.0,37.560715,T2,38.589306
7.0,2.0,2.0,3.0,57.831203,Control,59.470955
7.0,2.0,2.0,4.0,68.72376,T1,80.836075
7.0,2.0,2.0,5.0,57.199238,Control,65.51342
7.0,2.0,2.0,6.0,62.48053,T1,82.436264
7.0,2.0,2.0,7.0,54.64324,T2,55.634224
7.0,2.0,2.0,8.0,63.518776,T2,64.618546
7.0,2.0,2.0,9.0,71.54837,T1,84.628975
7.0,2.0,2.0,10.0,40.343407,T1,56.67479
7.0,2.0,2.0,11.0,62.881985,T1,79.561
7.0,2.0,2.0,12.0,56.04739,T1,66.66823
7.0,2.0,2.0,13.0,46.640095,Control,62.686714
7.0,2.0,2.0,14.0,69.29489,T2,70.23737
7.0,2.0,2.0,15.0,59.764774,T2,60.58183
7.0,2.0,2.0,16.0,56.91493,T1,74.853386
7.0,2.0,2.0,17.0,43.40149,T1,65.8563
7.0,2.0,2.0,18.0,67.41035,T2,68.38025
7.0,2.0,2.0,19.0,57.515827,T1,65.393135
7.0,2.0,2.0,20.0,43.535923,Control,44.887012
7.0,2.0,2.0,21.0,62.573875,Control,92.62813
7.0,2.0,2.0,22.0,38.085197,T1,45.085472
7.0,2.0,2.0,23.0,54.62741,T1,74.96225
7.0,2.0,2.0,24.0,58.42299,T2,59.357468
7.0,2.0,2.0,25.0,45.857277,Control,60.71264
7.0,2.0,2.0,26.0,45.466736,Control,58.49987
7.0,2.0,2.0,27.0,46.560677,T2,47.59044
7.0,2.0,2.0,28.0,38.871716,Control,56.652138
7.0,2.0,2.0,29.0,59.755646,T1,81.427635
7.0,2.0,2.0,30.0,45.663277,T2,46.733627
7.0,2.0,2.0,31.0,44.068165,T2,44.998703
7.0,2.0,2.0,32.0,71.65306,T1,78.342705
7.0,2.0,2.0,33.0,55.22223,Control,75.06198
7.0,2.0,2.0,34.0,48.04153,T2,49.050053
7.0,2.0,2.0,35.0,68.59407,T2,69.60528
7.0,2.0,2.0,36.0,63.47283,T1,76.291855
7.0,2.0,2.0,37.0,51.39911,Control,71.90506
7.0,2.0,2.0,38.0,81.75416,T1,99.67421
8.0,1.0,1.0,1.0,62.507286,T2,63.415886
8.0,1.0,1.0,2.0,56.30736,T2,57.397278
8.0,1.0,1.0,3.0,53.43524,T1,81.50069
8.0,1.0,1.0,4.0,59.85485,Control,80.586006
8.0,1.0,1.0,5.0,50.84394,T1,53.088478
8.0,1.0,1.0,6.0,40.977467,Control,44.08252
8.0,1.0,1.0,7.0,34.658676,T1,47.92379
8.0,1.0,1.0,8.0,47.383774,T2,48.428173
8.0,1.0,1.0,9.0,46.454254,T1,66.68618
8.0,1.0,1.0,10.0,50.795784,T1,63.291798
8.0,1.0,1.0,11.0,70.06449,T1,84.04797
8.0,1.0,1.0,12.0,69.143135,Control,83.79374
8.0,1.0,1.0,13.0,61.331165,Control,76.72326
8.0,1.0,1.0,14.0,37.747555,T1,49.999207
8.0,1.0,1.0,15.0,43.028664,T2,44.10573
8.0,1.0,1.0,16.0,57.83052,T2,58.776978
8.0,1.0,1.0,17.0,57.409424,T1,60.36796
8.0,1.0,1.0,18.0,40.904743,Control,47.41486
8.0,1.0,1.0,19.0,58.20514,T1,72.13012
8.0,1.0,1.0,20.0,45.72319,T1,60.96291
8.0,1.0,1.0,21.0,59.905144,T1,74.19762
8.0,1.0,1.0,22.0,62.060196,T1,80.94243
8.0,1.0,1.0,23.0,51.515488,T1,60.3758
8.0,1.0,1.0,24.0,67.87021,T1,73.44753
8.0,1.0,1.0,25.0,38.012638,Control,43.313354
8.0,1.0,1.0,26.0,69.48673,Control,71.89351
8.0,1.0,1.0,27.0,54.06228,T1,69.097305
8.0,1.0,1.0,28.0,52.854034,T2,53.771156
8.0,1.0,1.0,29.0,59.023987,T1,71.252625
8.0,1.0,1.0,30.0,56.73315,T2,57.59056
8.0,1.0,1.0,31.0,47.889957,Control,53.69262
8.0,1.0,1.0,32.0,63.336926,T2,64.29768
8.0,1.0,1.0,33.0,52.638306,T2,53.601337
8.0,1.0,1.0,34.0,55.426296,T1,73.025665
8.0,1.0,1.0,35.0,51.633118,T2,52.55667
8.0,1.0,1.0,36.0,50.34225,T2,51.341843
8.0,1.0,1.0,37.0,66.09427,Control,96.72758
8.0,1.0,2.0,1.0,60.79762,Control,69.16336
8.0,1.0,2.0,2.0,53.08328,Control,59.73358
8.0,1.0,2.0,3.0,38.67306,T2,39.465797
8.0,1.0,2.0,4.0,53.938362,T1,72.667015
8.0,1.0,2.0,5.0,41.855576,T2,42.85257
8.0,1.0,2.0,6.0,68.6391,Control,79.54703
8.0,1.0,2.0,7.0,57.604343,Control,68.92108
8.0,1.0,2.0,8.0,53.602383,T2,54.45608
8.0,1.0,2.0,9.0,61.3866,T2,62.426636
8.0,1.0,2.0,10.0,32.91198,Control,39.099243
8.0,1.0,2.0,11.0,38.502323,Control,57.124226
8.0,1.0,2.0,12.0,52.773727,T1,65.15456
8.0,1.0,2.0,13.0,61.14167,T2,62.164352
8.0,1.0,2.0,14.0,67.5977,T2,68.49578
8.0,1.0,2.0,15.0,57.957516,T2,58.82035
8.0,1.0,2.0,16.0,47.72374,T1,61.065727
8.0,1.0,2.0,17.0,52.175667,T2,53.171474
8.0,1.0,2.0,18.0,47.875626,T1,61.66545
8.0,1.0,2.0,19.0,36.9596,Control,48.509224
8.0,1.0,2.0,20.0,55.046085,T1,71.74785
8.0,1.0,2.0,21.0,37.382805,Control,38.91756
8.0,1.0,2.0,22.0,51.40929,Control,55.29293
8.0,1.0,2.0,23.0,41.933456,T2,43.077595
8.0,1.0,2.0,24.0,43.492626,T1,49.727787
8.0,1.0,2.0,25.0,68.341446,T2,69.296814
8.0,1.0,2.0,26.0,29.66333,Control,37.7083
8.0,1.0,2.0,27.0,58.88015,T2,59.96005
8.0,1.0,2.0,28.0,63.51715,T1,80.67256
8.0,1.0,2.0,29.0,58.100822,Control,72.40569
8.0,1.0,2.0,30.0,52.564224,T1,71.33095
8.0,1.0,2.0,31.0,48.34041,T2,49.16935
8.0,1.0,2.0,32.0,59.048195,T1,60.917404
8.0,1.0,2.0,33.0,33.78249,T1,41.56901
8.0,1.0,2.0,34.0,56.862873,Control,53.25927
8.0,1.0,2.0,35.0,56.567722,Control,59.11589
8.0,1.0,2.0,36.0,61.125286,T1,72.42442
8.0,1.0,2.0,37.0,46.584435,Control,53.668705
8.0,1.0,2.0,38.0,50.754692,T2,51.780434
8.0,2.0,1.0,1.0,44.380627,Control,52.040985
8.0,2.0,1.0,2.0,47.12235,T2,48.183117
8.0,2.0,1.0,3.0,50.858105,T1,61.888912
8.0,2.0,1.0,4.0,53.35985,T2,54.368393
8.0,2.0,1.0,5.0,68.707565,Control,87.35574
8.0,2.0,1.0,6.0,47.441345,Control,50.69806
8.0,2.0,1.0,7.0,69.65186,T1,92.414444
8.0,2.0,1.0,8.0,53.721294,T1,69.63735
8.0,2.0,1.0,9.0,63.394947,Control,69.794464
8.0,2.0,1.0,10.0,85.56954,Control,89.92209
8.0,2.0,1.0,11.0,41.10866,T2,42.176403
8.0,2.0,1.0,12.0,53.942142,T1,69.77153
8.0,2.0,1.0,13.0,39.387165,T1,48.648247
8.0,2.0,1.0,14.0,60.037308,T2,60.93542
8.0,2.0,1.0,15.0,49.940983,Control,66.381256
8.0,2.0,1.0,16.0,65.14824,T1,81.34442
8.0,2.0,1.0,17.0,35.975437,Control,57.85251
8.0,2.0,1.0,18.0,54.99475,T1,60.615463
8.0,2.0,1.0,19.0,55.536526,T1,62.314323
8.0,2.0,1.0,20.0,59.72628,Control,56.176685
8.0,2.0,1.0,21.0,79.85513,Control,92.52667
8.0,2.0,1.0,22.0,44.20708,Control,57.899834
8.0,2.0,1.0,23.0,55.227894,T1,63.223938
8.0,2.0,1.0,24.0,49.434204,T1,70.12547
8.0,2.0,1.0,25.0,47.962692,T1,67.984406
8.0,2.0,1.0,26.0,69.23574,T2,70.32933
8.0,2.0,1.0,27.0,64.51772,T1,79.17897
8.0,2.0,1.0,28.0,69.42448,Control,73.05879
8.0,2.0,1.0,29.0,59.33924,T2,60.46707
8.0,2.0,1.0,30.0,56.99011,Control,59.83154
8.0,2.0,1.0,31.0,66.45112,Control,76.41583
8.0,2.0,1.0,32.0,70.77302,Control,90.91252
8.0,2.0,1.0,33.0,47.921112,Control,53.008583
8.0,2.0,1.0,34.0,58.516148,T1,78.16111
8.0,2.0,1.0,35.0,39.59317,Control,54.943073
8.0,2.0,1.0,36.0,71.22026,T1,99.025826
8.0,2.0,1.0,37.0,58.2684,Control,63.552853
8.0,2.0,2.0,1.0,47.7317,T2,48.57926
8.0,2.0,2.0,2.0,53.842262,Control,65.00148
8.0,2.0,2.0,3.0,58.7493,T1,74.57882
8.0,2.0,2.0,4.0,47.815437,T1,65.151276
8.0,2.0,2.0,5.0,51.32916,T2,52.262547
8.0,2.0,2.0,6.0,45.69039,T1,64.002014
8.0,2.0,2.0,7.0,51.299847,T2,52.483746
8.0,2.0,2.0,8.0,62.85698,T1,75.694565
8.0,2.0,2.0,9.0,41.040474,T2,42.238674
8.0,2.0,2.0,10.0,50.737583,T2,51.628254
8.0,2.0,2.0,11.0,45.713688,Control,50.176437
8.0,2.0,2.0,12.0,51.358276,Control,52.458023
8.0,2.0,2.0,13.0,48.81877,Control,53.79036
8.0,2.0,2.0,14.0,62.142284,Control,65.434044
8.0,2.0,2.0,15.0,66.01938,Control,66.29652
8.0,2.0,2.0,16.0,47.35885,T1,74.73142
8.0,2.0,2.0,17.0,65.12187,Control,69.258446
8.0,2.0,2.0,18.0,51.312954,Control,45.508358
8.0,2.0,2.0,19.0,56.885647,T1,74.926056
8.0,2.0,2.0,20.0,48.119236,T2,49.185726
8.0,2.0,2.0,21.0,65.55505,T2,66.49589
8.0,2.0,2.0,22.0,81.48353,T1,105.10239
8.0,2.0,2.0,23.0,52.596714,Control,61.95225
8.0,2.0,2.0,24.0,42.72294,T1,61.61393
8.0,2.0,2.0,25.0,44.472378,T1,53.200363
8.0,2.0,2.0,26.0,41.67364,T2,42.615246
8.0,2.0,2.0,27.0,50.4265,T1,61.484093
8.0,2.0,2.0,28.0,53.156807,T2,54.31453
8.0,2.0,2.0,29.0,47.249126,Control,63.416855
8.0,2.0,2.0,30.0,48.55903,T2,49.648487
8.0,2.0,2.0,31.0,60.98419,T2,61.92029
8.0,2.0,2.0,32.0,75.34463,T2,76.481
8.0,2.0,2.0,33.0,42.3205,Control,66.602165
8.0,2.0,2.0,34.0,62.30257,T1,78.47109
8.0,2.0,2.0,35.0,54.657104,T1,65.21808
8.0,2.0,2.0,36.0,45.524357,T1,59.581993
8.0,2.0,2.0,37.0,63.907036,T1,80.89911
8.0,2.0,2.0,38.0,48.378475,T2,49.433712
