school_id,class_id,section_id,student_id,test_score_baseline,treatment_baseline,treatment_endline,test_score_endline
1.0,1.0,1.0,1.0,50.182095,1.0,T1,55.942066
1.0,1.0,1.0,2.0,66.047554,2.0,T2,77.17107
1.0,1.0,1.0,3.0,44.069717,1.0,T1,47.633476
1.0,1.0,1.0,4.0,34.018944,2.0,T2,39.106045
1.0,1.0,1.0,5.0,53.08916,1.0,T1,72.385574
1.0,1.0,1.0,6.0,27.176136,2.0,T2,46.4273
1.0,1.0,1.0,7.0,52.258457,1.0,T1,68.978
1.0,1.0,1.0,8.0,60.96528,2.0,T2,75.53006
1.0,1.0,1.0,9.0,45.473606,2.0,T2,65.58071
1.0,1.0,1.0,10.0,56.48657,1.0,T1,52.034412
1.0,1.0,1.0,11.0,63.537346,2.0,T2,62.879578
1.0,1.0,1.0,12.0,46.996685,2.0,T2,46.51527
1.0,1.0,1.0,13.0,64.06907,2.0,T2,71.97132
1.0,1.0,1.0,14.0,59.44891,1.0,T1,79.052055
1.0,1.0,1.0,15.0,48.1968,1.0,T1,53.92101
1.0,1.0,1.0,16.0,44.748528,1.0,T1,58.049763
1.0,1.0,1.0,17.0,57.1951,1.0,T1,70.95123
1.0,1.0,1.0,18.0,66.58083,2.0,T2,85.13097
1.0,1.0,1.0,19.0,46.220947,2.0,T2,73.418785
1.0,1.0,1.0,20.0,29.693811,2.0,T2,35.509678
1.0,1.0,1.0,21.0,52.32537,2.0,T2,71.62252
1.0,1.0,1.0,22.0,42.37381,2.0,T2,55.329735
1.0,1.0,1.0,23.0,51.15698,1.0,T1,53.296032
1.0,1.0,1.0,24.0,48.47129,2.0,T2,63.46225
1.0,1.0,1.0,25.0,49.37831,1.0,T1,66.175026
1.0,1.0,1.0,26.0,54.653183,2.0,T2,58.208214
1.0,1.0,1.0,27.0,66.33429,1.0,T1,81.76864
1.0,1.0,1.0,28.0,42.042534,1.0,T1,62.92553
1.0,1.0,1.0,29.0,57.570286,1.0,T1,70.65619
1.0,1.0,1.0,30.0,51.13064,1.0,T1,73.32486
1.0,1.0,1.0,31.0,50.970867,1.0,T1,57.293915
1.0,1.0,1.0,32.0,66.76974,2.0,T2,88.25787
1.0,1.0,1.0,33.0,59.24827,2.0,T2,66.412384
1.0,1.0,1.0,34.0,47.949368,2.0,T2,59.9028
1.0,1.0,1.0,35.0,74.60695,2.0,T2,88.12094
1.0,1.0,1.0,36.0,49.40201,1.0,T1,56.019665
1.0,1.0,1.0,37.0,60.53048,2.0,T2,69.16858
1.0,1.0,2.0,1.0,54.885544,0.0,Control,56.189842
1.0,1.0,2.0,2.0,54.691174,0.0,Control,55.898506
1.0,1.0,2.0,3.0,47.57374,0.0,Control,48.96979
1.0,1.0,2.0,4.0,52.760674,0.0,Control,54.08198
1.0,1.0,2.0,5.0,59.761078,0.0,Control,61.31344
1.0,1.0,2.0,6.0,68.0963,0.0,Control,69.383675
1.0,1.0,2.0,7.0,53.137833,0.0,Control,54.45469
1.0,1.0,2.0,8.0,49.525887,0.0,Control,50.839455
1.0,1.0,2.0,9.0,71.09901,0.0,Control,72.60327
1.0,1.0,2.0,10.0,51.84987,0.0,Control,53.11644
1.0,1.0,2.0,11.0,62.90022,0.0,Control,64.29128
1.0,1.0,2.0,12.0,65.83363,0.0,Control,67.106674
1.0,1.0,2.0,13.0,68.32004,0.0,Control,69.6436
1.0,1.0,2.0,14.0,53.902817,0.0,Control,55.320465
1.0,1.0,2.0,15.0,63.55796,0.0,Control,64.82339
1.0,1.0,2.0,16.0,44.903618,0.0,Control,46.25558
1.0,1.0,2.0,17.0,57.207386,0.0,Control,58.539143
1.0,1.0,2.0,18.0,49.41949,0.0,Control,50.806606
1.0,1.0,2.0,19.0,50.985413,0.0,Control,52.32636
1.0,1.0,2.0,20.0,49.40603,0.0,Control,50.583782
1.0,1.0,2.0,21.0,49.06846,0.0,Control,50.500072
1.0,1.0,2.0,22.0,50.177357,0.0,Control,51.53486
1.0,1.0,2.0,23.0,57.929592,0.0,Control,59.388805
1.0,1.0,2.0,24.0,31.440897,0.0,Control,32.804585
1.0,1.0,2.0,25.0,54.788055,0.0,Control,56.037563
1.0,1.0,2.0,26.0,46.730106,0.0,Control,47.985867
1.0,1.0,2.0,27.0,69.20156,0.0,Control,70.48414
1.0,1.0,2.0,28.0,70.050606,0.0,Control,71.35688
1.0,1.0,2.0,29.0,52.76868,0.0,Control,54.111713
1.0,1.0,2.0,30.0,52.419994,0.0,Control,53.661602
1.0,1.0,2.0,31.0,62.97884,0.0,Control,64.39415
1.0,1.0,2.0,32.0,56.032673,0.0,Control,57.366337
1.0,1.0,2.0,33.0,66.20806,0.0,Control,67.50167
1.0,1.0,2.0,34.0,66.46459,0.0,Control,67.855675
1.0,1.0,2.0,35.0,45.1945,0.0,Control,46.556694
1.0,1.0,2.0,36.0,40.643127,0.0,Control,41.96502
1.0,1.0,2.0,37.0,61.072014,0.0,Control,62.38357
1.0,1.0,2.0,38.0,34.384262,0.0,Control,35.639446
1.0,2.0,1.0,1.0,72.24368,1.0,T1,91.488235
1.0,2.0,1.0,2.0,62.021473,1.0,T1,91.914536
1.0,2.0,1.0,3.0,70.971375,1.0,T1,88.44753
1.0,2.0,1.0,4.0,61.04386,2.0,T2,87.89357
1.0,2.0,1.0,5.0,46.692184,1.0,T1,56.25714
1.0,2.0,1.0,6.0,53.50751,2.0,T2,69.38097
1.0,2.0,1.0,7.0,51.274303,1.0,T1,73.465576
1.0,2.0,1.0,8.0,42.469902,2.0,T2,56.664955
1.0,2.0,1.0,9.0,51.821762,1.0,T1,52.9327
1.0,2.0,1.0,10.0,43.104507,1.0,T1,53.28453
1.0,2.0,1.0,11.0,64.99487,2.0,T2,89.89984
1.0,2.0,1.0,12.0,46.224243,1.0,T1,57.997284
1.0,2.0,1.0,13.0,53.00231,1.0,T1,73.801445
1.0,2.0,1.0,14.0,54.76415,2.0,T2,82.5427
1.0,2.0,1.0,15.0,58.685684,1.0,T1,81.884796
1.0,2.0,1.0,16.0,54.706997,2.0,T2,70.98835
1.0,2.0,1.0,17.0,55.821278,2.0,T2,70.83974
1.0,2.0,1.0,18.0,60.79935,2.0,T2,65.60935
1.0,2.0,1.0,19.0,45.03897,1.0,T1,53.64494
1.0,2.0,1.0,20.0,50.56077,1.0,T1,58.89354
1.0,2.0,1.0,21.0,61.28351,1.0,T1,75.39792
1.0,2.0,1.0,22.0,51.527653,1.0,T1,60.06954
1.0,2.0,1.0,23.0,48.40144,2.0,T2,71.32382
1.0,2.0,1.0,24.0,61.282146,2.0,T2,70.34334
1.0,2.0,1.0,25.0,67.78089,2.0,T2,74.02024
1.0,2.0,1.0,26.0,54.90918,2.0,T2,70.10479
1.0,2.0,1.0,27.0,56.70727,2.0,T2,72.962814
1.0,2.0,1.0,28.0,62.984142,2.0,T2,77.02994
1.0,2.0,1.0,29.0,45.34433,2.0,T2,45.933628
1.0,2.0,1.0,30.0,70.19085,1.0,T1,90.051094
1.0,2.0,1.0,31.0,54.44876,1.0,T1,72.227425
1.0,2.0,1.0,32.0,57.113155,1.0,T1,74.47517
1.0,2.0,1.0,33.0,52.476585,2.0,T2,71.28894
1.0,2.0,1.0,34.0,46.483723,2.0,T2,54.380363
1.0,2.0,1.0,35.0,59.675007,2.0,T2,74.31626
1.0,2.0,1.0,36.0,40.196766,2.0,T2,50.622856
1.0,2.0,1.0,37.0,56.043156,2.0,T2,77.994125
1.0,2.0,2.0,1.0,53.004288,0.0,Control,54.326893
1.0,2.0,2.0,2.0,55.051796,0.0,Control,56.151676
1.0,2.0,2.0,3.0,71.55271,0.0,Control,72.86085
1.0,2.0,2.0,4.0,78.68591,0.0,Control,80.03863
1.0,2.0,2.0,5.0,52.693485,0.0,Control,54.02257
1.0,2.0,2.0,6.0,35.49398,0.0,Control,36.874577
1.0,2.0,2.0,7.0,48.10239,0.0,Control,49.333164
1.0,2.0,2.0,8.0,41.016483,0.0,Control,42.522808
1.0,2.0,2.0,9.0,38.648327,0.0,Control,39.84579
1.0,2.0,2.0,10.0,46.917915,0.0,Control,48.1657
1.0,2.0,2.0,11.0,67.76622,0.0,Control,69.12668
1.0,2.0,2.0,12.0,60.22902,0.0,Control,61.555405
1.0,2.0,2.0,13.0,50.94192,0.0,Control,52.288883
1.0,2.0,2.0,14.0,58.621677,0.0,Control,59.97913
1.0,2.0,2.0,15.0,41.079544,0.0,Control,42.348244
1.0,2.0,2.0,16.0,55.30222,0.0,Control,56.48983
1.0,2.0,2.0,17.0,74.43397,0.0,Control,75.69488
1.0,2.0,2.0,18.0,52.26996,0.0,Control,53.566063
1.0,2.0,2.0,19.0,62.992783,0.0,Control,64.43089
1.0,2.0,2.0,20.0,34.238987,0.0,Control,35.31779
1.0,2.0,2.0,21.0,56.079292,0.0,Control,57.33703
1.0,2.0,2.0,22.0,64.9135,0.0,Control,66.19025
1.0,2.0,2.0,23.0,47.496357,0.0,Control,48.74833
1.0,2.0,2.0,24.0,43.82372,0.0,Control,45.1611
1.0,2.0,2.0,25.0,57.745975,0.0,Control,58.998684
1.0,2.0,2.0,26.0,50.036526,0.0,Control,51.223232
1.0,2.0,2.0,27.0,57.722588,0.0,Control,58.942158
1.0,2.0,2.0,28.0,57.57229,0.0,Control,58.892776
1.0,2.0,2.0,29.0,56.789906,0.0,Control,58.17995
1.0,2.0,2.0,30.0,66.85166,0.0,Control,68.04558
1.0,2.0,2.0,31.0,48.105236,0.0,Control,49.41279
1.0,2.0,2.0,32.0,56.237354,0.0,Control,57.538498
1.0,2.0,2.0,33.0,34.857807,0.0,Control,36.134766
1.0,2.0,2.0,34.0,63.483433,0.0,Control,64.74295
1.0,2.0,2.0,35.0,49.564423,0.0,Control,51.07532
1.0,2.0,2.0,36.0,52.300617,0.0,Control,53.489967
1.0,2.0,2.0,37.0,56.29287,0.0,Control,57.692844
1.0,2.0,2.0,38.0,56.734097,0.0,Control,57.970444
2.0,1.0,1.0,1.0,47.187054,2.0,T2,62.023014
2.0,1.0,1.0,2.0,52.750507,1.0,T1,63.836826
2.0,1.0,1.0,3.0,44.392605,1.0,T1,64.46525
2.0,1.0,1.0,4.0,63.616646,2.0,T2,88.95334
2.0,1.0,1.0,5.0,41.39211,2.0,T2,44.715004
2.0,1.0,1.0,6.0,58.7251,2.0,T2,66.81452
2.0,1.0,1.0,7.0,50.74247,1.0,T1,74.73877
2.0,1.0,1.0,8.0,46.332405,1.0,T1,61.592216
2.0,1.0,1.0,9.0,57.398212,1.0,T1,76.612816
2.0,1.0,1.0,10.0,62.08671,2.0,T2,72.66806
2.0,1.0,1.0,11.0,64.543274,2.0,T2,84.56702
2.0,1.0,1.0,12.0,67.18809,1.0,T1,81.9051
2.0,1.0,1.0,13.0,44.050835,1.0,T1,59.83889
2.0,1.0,1.0,14.0,60.239788,1.0,T1,61.468517
2.0,1.0,1.0,15.0,61.944378,1.0,T1,75.0652
2.0,1.0,1.0,16.0,40.366467,2.0,T2,42.575428
2.0,1.0,1.0,17.0,54.614315,2.0,T2,77.07715
2.0,1.0,1.0,18.0,47.352585,2.0,T2,57.83227
2.0,1.0,1.0,19.0,44.087044,1.0,T1,51.370888
2.0,1.0,1.0,20.0,52.645535,1.0,T1,69.7133
2.0,1.0,1.0,21.0,47.039745,2.0,T2,54.73021
2.0,1.0,1.0,22.0,69.02142,2.0,T2,85.852196
2.0,1.0,1.0,23.0,61.369156,1.0,T1,84.35896
2.0,1.0,1.0,24.0,67.0748,2.0,T2,90.780815
2.0,1.0,1.0,25.0,69.554756,2.0,T2,85.74573
2.0,1.0,1.0,26.0,42.03699,2.0,T2,51.579277
2.0,1.0,1.0,27.0,63.473473,1.0,T1,89.39392
2.0,1.0,1.0,28.0,59.72131,1.0,T1,74.512115
2.0,1.0,1.0,29.0,63.020958,1.0,T1,72.60585
2.0,1.0,1.0,30.0,80.584305,2.0,T2,108.82579
2.0,1.0,1.0,31.0,45.30901,1.0,T1,54.62623
2.0,1.0,1.0,32.0,63.587925,2.0,T2,84.50944
2.0,1.0,1.0,33.0,42.303154,2.0,T2,65.81985
2.0,1.0,1.0,34.0,79.44339,1.0,T1,82.85635
2.0,1.0,1.0,35.0,50.322773,2.0,T2,59.08025
2.0,1.0,1.0,36.0,43.65985,2.0,T2,60.165104
2.0,1.0,1.0,37.0,48.303303,2.0,T2,62.045143
2.0,1.0,2.0,1.0,64.63583,0.0,Control,66.11706
2.0,1.0,2.0,2.0,68.48976,0.0,Control,69.73094
2.0,1.0,2.0,3.0,49.122917,0.0,Control,50.528664
2.0,1.0,2.0,4.0,65.243935,0.0,Control,66.44537
2.0,1.0,2.0,5.0,59.28039,0.0,Control,60.53866
2.0,1.0,2.0,6.0,64.56179,0.0,Control,65.951996
2.0,1.0,2.0,7.0,55.898975,0.0,Control,57.125114
2.0,1.0,2.0,8.0,47.34772,0.0,Control,48.62687
2.0,1.0,2.0,9.0,63.12284,0.0,Control,64.440475
2.0,1.0,2.0,10.0,64.42587,0.0,Control,65.67779
2.0,1.0,2.0,11.0,71.57164,0.0,Control,72.86336
2.0,1.0,2.0,12.0,66.81756,0.0,Control,68.08968
2.0,1.0,2.0,13.0,55.651505,0.0,Control,57.136127
2.0,1.0,2.0,14.0,48.68699,0.0,Control,50.166122
2.0,1.0,2.0,15.0,47.855976,0.0,Control,49.184326
2.0,1.0,2.0,16.0,49.038246,0.0,Control,50.274487
2.0,1.0,2.0,17.0,59.729404,0.0,Control,60.86359
2.0,1.0,2.0,18.0,46.91375,0.0,Control,48.04966
2.0,1.0,2.0,19.0,52.277298,0.0,Control,53.57268
2.0,1.0,2.0,20.0,68.800964,0.0,Control,69.90303
2.0,1.0,2.0,21.0,50.342957,0.0,Control,51.47126
2.0,1.0,2.0,22.0,65.6715,0.0,Control,66.8817
2.0,1.0,2.0,23.0,58.059395,0.0,Control,59.34787
2.0,1.0,2.0,24.0,48.22893,0.0,Control,49.323223
2.0,1.0,2.0,25.0,63.804214,0.0,Control,64.96128
2.0,1.0,2.0,26.0,63.34459,0.0,Control,64.690926
2.0,1.0,2.0,27.0,61.304497,0.0,Control,62.728256
2.0,1.0,2.0,28.0,48.781532,0.0,Control,49.89702
2.0,1.0,2.0,29.0,65.503525,0.0,Control,66.876114
2.0,1.0,2.0,30.0,58.15993,0.0,Control,59.666416
2.0,1.0,2.0,31.0,79.90835,0.0,Control,81.17924
2.0,1.0,2.0,32.0,50.270164,0.0,Control,51.40988
2.0,1.0,2.0,33.0,56.28087,0.0,Control,57.60821
2.0,1.0,2.0,34.0,49.649086,0.0,Control,50.968227
2.0,1.0,2.0,35.0,56.77473,0.0,Control,58.034916
2.0,1.0,2.0,36.0,58.542892,0.0,Control,60.000107
2.0,1.0,2.0,37.0,27.89179,0.0,Control,28.992281
2.0,1.0,2.0,38.0,59.3174,0.0,Control,60.633068
2.0,2.0,1.0,1.0,39.831978,2.0,T2,53.249817
2.0,2.0,1.0,2.0,70.61443,1.0,T1,89.20625
2.0,2.0,1.0,3.0,31.764582,1.0,T1,43.421562
2.0,2.0,1.0,4.0,52.96184,2.0,T2,62.910336
2.0,2.0,1.0,5.0,48.748856,2.0,T2,65.85484
2.0,2.0,1.0,6.0,65.86355,1.0,T1,79.01698
2.0,2.0,1.0,7.0,37.41025,2.0,T2,58.27513
2.0,2.0,1.0,8.0,47.15028,2.0,T2,60.118553
2.0,2.0,1.0,9.0,82.63615,1.0,T1,97.4016
2.0,2.0,1.0,10.0,33.402447,2.0,T2,50.17993
2.0,2.0,1.0,11.0,63.35345,2.0,T2,77.08173
2.0,2.0,1.0,12.0,57.15151,1.0,T1,70.264
2.0,2.0,1.0,13.0,44.098057,2.0,T2,68.26143
2.0,2.0,1.0,14.0,32.25201,2.0,T2,55.882763
2.0,2.0,1.0,15.0,75.34411,1.0,T1,101.61552
2.0,2.0,1.0,16.0,61.066204,1.0,T1,78.92456
2.0,2.0,1.0,17.0,54.21622,2.0,T2,75.71828
2.0,2.0,1.0,18.0,48.141983,2.0,T2,58.87338
2.0,2.0,1.0,19.0,44.043495,1.0,T1,66.01608
2.0,2.0,1.0,20.0,59.21143,1.0,T1,60.716087
2.0,2.0,1.0,21.0,40.67822,1.0,T1,54.093845
2.0,2.0,1.0,22.0,52.097725,2.0,T2,61.52446
2.0,2.0,1.0,23.0,45.781036,1.0,T1,59.584637
2.0,2.0,1.0,24.0,62.15412,1.0,T1,71.41395
2.0,2.0,1.0,25.0,49.697662,2.0,T2,52.787254
2.0,2.0,1.0,26.0,40.67377,1.0,T1,53.161156
2.0,2.0,1.0,27.0,50.307728,2.0,T2,43.675102
2.0,2.0,1.0,28.0,58.023903,1.0,T1,66.9081
2.0,2.0,1.0,29.0,73.73466,2.0,T2,89.53329
2.0,2.0,1.0,30.0,63.606724,2.0,T2,76.284546
2.0,2.0,1.0,31.0,57.52747,1.0,T1,71.41607
2.0,2.0,1.0,32.0,76.51031,2.0,T2,95.97291
2.0,2.0,1.0,33.0,46.03992,2.0,T2,69.455795
2.0,2.0,1.0,34.0,47.272984,1.0,T1,53.433422
2.0,2.0,1.0,35.0,64.62532,2.0,T2,69.77694
2.0,2.0,1.0,36.0,54.020065,2.0,T2,63.471664
2.0,2.0,1.0,37.0,68.03163,1.0,T1,73.19214
2.0,2.0,2.0,1.0,59.18155,0.0,Control,60.588215
2.0,2.0,2.0,2.0,58.08466,0.0,Control,59.40036
2.0,2.0,2.0,3.0,42.887486,0.0,Control,44.079002
2.0,2.0,2.0,4.0,64.80213,0.0,Control,66.11317
2.0,2.0,2.0,5.0,45.24573,0.0,Control,46.68897
2.0,2.0,2.0,6.0,54.87749,0.0,Control,56.07346
2.0,2.0,2.0,7.0,50.560192,0.0,Control,51.789234
2.0,2.0,2.0,8.0,46.94301,0.0,Control,48.196785
2.0,2.0,2.0,9.0,42.630505,0.0,Control,43.951706
2.0,2.0,2.0,10.0,60.36715,0.0,Control,61.536175
2.0,2.0,2.0,11.0,62.274643,0.0,Control,63.414593
2.0,2.0,2.0,12.0,57.71858,0.0,Control,59.00971
2.0,2.0,2.0,13.0,51.031223,0.0,Control,52.252632
2.0,2.0,2.0,14.0,58.467056,0.0,Control,59.760258
2.0,2.0,2.0,15.0,54.158848,0.0,Control,55.21366
2.0,2.0,2.0,16.0,58.33567,0.0,Control,59.58307
2.0,2.0,2.0,17.0,57.356476,0.0,Control,58.75304
2.0,2.0,2.0,18.0,42.0056,0.0,Control,43.242897
2.0,2.0,2.0,19.0,58.97219,0.0,Control,60.29729
2.0,2.0,2.0,20.0,59.466476,0.0,Control,60.87245
2.0,2.0,2.0,21.0,62.272476,0.0,Control,63.55766
2.0,2.0,2.0,22.0,54.40462,0.0,Control,55.634544
2.0,2.0,2.0,23.0,56.28544,0.0,Control,57.471275
2.0,2.0,2.0,24.0,52.020737,0.0,Control,53.494076
2.0,2.0,2.0,25.0,59.90671,0.0,Control,61.18392
2.0,2.0,2.0,26.0,71.838585,0.0,Control,73.17715
2.0,2.0,2.0,27.0,52.659225,0.0,Control,53.95292
2.0,2.0,2.0,28.0,45.268803,0.0,Control,46.62706
2.0,2.0,2.0,29.0,63.759583,0.0,Control,64.98488
2.0,2.0,2.0,30.0,59.9313,0.0,Control,61.21852
2.0,2.0,2.0,31.0,45.50562,0.0,Control,46.93443
2.0,2.0,2.0,32.0,59.79068,0.0,Control,60.9879
2.0,2.0,2.0,33.0,34.659466,0.0,Control,35.902687
2.0,2.0,2.0,34.0,63.322914,0.0,Control,64.742714
2.0,2.0,2.0,35.0,55.690285,0.0,Control,57.02231
2.0,2.0,2.0,36.0,67.1303,0.0,Control,68.49998
2.0,2.0,2.0,37.0,60.06082,0.0,Control,61.173073
2.0,2.0,2.0,38.0,52.2959,0.0,Control,53.586132
3.0,1.0,1.0,1.0,50.90735,2.0,T2,55.30213
3.0,1.0,1.0,2.0,54.33076,2.0,T2,55.06004
3.0,1.0,1.0,3.0,63.829144,2.0,T2,74.616035
3.0,1.0,1.0,4.0,72.96321,2.0,T2,89.26572
3.0,1.0,1.0,5.0,58.22033,1.0,T1,67.61325
3.0,1.0,1.0,6.0,54.473015,1.0,T1,69.61938
3.0,1.0,1.0,7.0,54.786377,2.0,T2,72.64746
3.0,1.0,1.0,8.0,49.1086,1.0,T1,58.102356
3.0,1.0,1.0,9.0,55.58076,1.0,T1,68.01385
3.0,1.0,1.0,10.0,59.793053,2.0,T2,71.984604
3.0,1.0,1.0,11.0,54.911995,1.0,T1,70.90411
3.0,1.0,1.0,12.0,55.54569,1.0,T1,68.67801
3.0,1.0,1.0,13.0,53.7749,2.0,T2,70.377205
3.0,1.0,1.0,14.0,72.784805,2.0,T2,83.58372
3.0,1.0,1.0,15.0,46.791626,2.0,T2,44.824017
3.0,1.0,1.0,16.0,37.966568,1.0,T1,51.324894
3.0,1.0,1.0,17.0,35.73325,2.0,T2,64.032776
3.0,1.0,1.0,18.0,64.928635,1.0,T1,87.62369
3.0,1.0,1.0,19.0,46.25792,1.0,T1,68.250374
3.0,1.0,1.0,20.0,53.454426,1.0,T1,59.33687
3.0,1.0,1.0,21.0,65.363884,2.0,T2,72.68315
3.0,1.0,1.0,22.0,68.153206,1.0,T1,78.29538
3.0,1.0,1.0,23.0,50.81922,1.0,T1,63.656883
3.0,1.0,1.0,24.0,36.607227,2.0,T2,33.34339
3.0,1.0,1.0,25.0,55.12865,1.0,T1,66.07142
3.0,1.0,1.0,26.0,41.01191,1.0,T1,59.148376
3.0,1.0,1.0,27.0,63.254128,2.0,T2,68.24431
3.0,1.0,1.0,28.0,58.60117,1.0,T1,80.69747
3.0,1.0,1.0,29.0,52.289577,2.0,T2,70.630325
3.0,1.0,1.0,30.0,55.286278,2.0,T2,77.91335
3.0,1.0,1.0,31.0,56.292347,2.0,T2,85.20308
3.0,1.0,1.0,32.0,71.2715,2.0,T2,68.60753
3.0,1.0,1.0,33.0,48.40263,1.0,T1,65.28529
3.0,1.0,1.0,34.0,50.639668,2.0,T2,64.38461
3.0,1.0,1.0,35.0,61.499744,2.0,T2,75.36343
3.0,1.0,1.0,36.0,55.75618,1.0,T1,70.09263
3.0,1.0,1.0,37.0,42.68057,2.0,T2,55.814346
3.0,1.0,2.0,1.0,46.14907,0.0,Control,47.566544
3.0,1.0,2.0,2.0,33.52844,0.0,Control,34.757183
3.0,1.0,2.0,3.0,55.440426,0.0,Control,56.64336
3.0,1.0,2.0,4.0,52.902943,0.0,Control,54.308544
3.0,1.0,2.0,5.0,52.466114,0.0,Control,53.77868
3.0,1.0,2.0,6.0,60.540447,0.0,Control,61.88264
3.0,1.0,2.0,7.0,49.047634,0.0,Control,50.44215
3.0,1.0,2.0,8.0,58.70064,0.0,Control,60.003777
3.0,1.0,2.0,9.0,40.028946,0.0,Control,41.30868
3.0,1.0,2.0,10.0,62.88774,0.0,Control,64.053406
3.0,1.0,2.0,11.0,39.610935,0.0,Control,41.043488
3.0,1.0,2.0,12.0,34.41822,0.0,Control,35.69422
3.0,1.0,2.0,13.0,60.60162,0.0,Control,61.972603
3.0,1.0,2.0,14.0,48.118027,0.0,Control,49.465626
3.0,1.0,2.0,15.0,50.094296,0.0,Control,51.430122
3.0,1.0,2.0,16.0,60.28297,0.0,Control,61.64025
3.0,1.0,2.0,17.0,70.71777,0.0,Control,71.97579
3.0,1.0,2.0,18.0,65.380005,0.0,Control,66.62809
3.0,1.0,2.0,19.0,43.27372,0.0,Control,44.61417
3.0,1.0,2.0,20.0,64.78088,0.0,Control,66.054085
3.0,1.0,2.0,21.0,55.623463,0.0,Control,56.87371
3.0,1.0,2.0,22.0,76.90771,0.0,Control,78.2702
3.0,1.0,2.0,23.0,61.582134,0.0,Control,62.802116
3.0,1.0,2.0,24.0,50.45125,0.0,Control,51.802387
3.0,1.0,2.0,25.0,53.319775,0.0,Control,54.697037
3.0,1.0,2.0,26.0,65.65326,0.0,Control,66.85405
3.0,1.0,2.0,27.0,57.001415,0.0,Control,58.537464
3.0,1.0,2.0,28.0,52.635254,0.0,Control,54.146435
3.0,1.0,2.0,29.0,56.85908,0.0,Control,58.180065
3.0,1.0,2.0,30.0,53.542564,0.0,Control,54.77051
3.0,1.0,2.0,31.0,38.97416,0.0,Control,40.28439
3.0,1.0,2.0,32.0,47.356518,0.0,Control,48.60867
3.0,1.0,2.0,33.0,66.72641,0.0,Control,67.99195
3.0,1.0,2.0,34.0,53.200233,0.0,Control,54.537735
3.0,1.0,2.0,35.0,51.941074,0.0,Control,53.29514
3.0,1.0,2.0,36.0,73.10424,0.0,Control,74.35286
3.0,1.0,2.0,37.0,48.959545,0.0,Control,50.22645
3.0,1.0,2.0,38.0,49.16021,0.0,Control,50.47486
3.0,2.0,1.0,1.0,50.12186,2.0,T2,70.65746
3.0,2.0,1.0,2.0,65.30521,2.0,T2,77.72766
3.0,2.0,1.0,3.0,46.281464,1.0,T1,50.395355
3.0,2.0,1.0,4.0,39.49871,2.0,T2,48.603165
3.0,2.0,1.0,5.0,42.3939,1.0,T1,58.38212
3.0,2.0,1.0,6.0,51.636765,1.0,T1,68.2545
3.0,2.0,1.0,7.0,63.755257,1.0,T1,74.12122
3.0,2.0,1.0,8.0,69.30861,1.0,T1,83.562164
3.0,2.0,1.0,9.0,36.000725,2.0,T2,56.47671
3.0,2.0,1.0,10.0,47.480896,2.0,T2,77.67912
3.0,2.0,1.0,11.0,46.578083,1.0,T1,69.43659
3.0,2.0,1.0,12.0,48.799633,2.0,T2,81.49859
3.0,2.0,1.0,13.0,53.13741,1.0,T1,66.79463
3.0,2.0,1.0,14.0,52.973232,2.0,T2,64.25786
3.0,2.0,1.0,15.0,49.850277,2.0,T2,57.467823
3.0,2.0,1.0,16.0,55.971203,2.0,T2,76.243904
3.0,2.0,1.0,17.0,29.281214,1.0,T1,49.35442
3.0,2.0,1.0,18.0,51.583725,1.0,T1,54.238026
3.0,2.0,1.0,19.0,69.96527,2.0,T2,87.48931
3.0,2.0,1.0,20.0,74.885925,1.0,T1,80.38984
3.0,2.0,1.0,21.0,59.1397,1.0,T1,82.10248
3.0,2.0,1.0,22.0,46.823555,2.0,T2,69.237366
3.0,2.0,1.0,23.0,85.26148,2.0,T2,96.59237
3.0,2.0,1.0,24.0,52.699657,2.0,T2,86.5941
3.0,2.0,1.0,25.0,46.578796,1.0,T1,64.507034
3.0,2.0,1.0,26.0,58.703342,2.0,T2,82.37318
3.0,2.0,1.0,27.0,54.02446,1.0,T1,54.80066
3.0,2.0,1.0,28.0,30.989109,2.0,T2,41.514053
3.0,2.0,1.0,29.0,53.96815,2.0,T2,74.8958
3.0,2.0,1.0,30.0,62.03595,1.0,T1,77.77435
3.0,2.0,1.0,31.0,49.307842,1.0,T1,62.168617
3.0,2.0,1.0,32.0,50.096233,2.0,T2,72.51176
3.0,2.0,1.0,33.0,53.46713,2.0,T2,45.25505
3.0,2.0,1.0,34.0,67.05553,1.0,T1,83.526596
3.0,2.0,1.0,35.0,48.898735,1.0,T1,64.795296
3.0,2.0,1.0,36.0,56.799545,2.0,T2,73.06543
3.0,2.0,1.0,37.0,53.2494,2.0,T2,72.68756
3.0,2.0,2.0,1.0,62.88427,0.0,Control,64.20353
3.0,2.0,2.0,2.0,74.075195,0.0,Control,75.42076
3.0,2.0,2.0,3.0,68.4629,0.0,Control,69.68816
3.0,2.0,2.0,4.0,56.09591,0.0,Control,57.317
3.0,2.0,2.0,5.0,57.592773,0.0,Control,58.93776
3.0,2.0,2.0,6.0,72.15917,0.0,Control,73.50827
3.0,2.0,2.0,7.0,49.849247,0.0,Control,51.09395
3.0,2.0,2.0,8.0,63.038612,0.0,Control,64.19977
3.0,2.0,2.0,9.0,68.88617,0.0,Control,70.30361
3.0,2.0,2.0,10.0,55.3631,0.0,Control,56.84952
3.0,2.0,2.0,11.0,41.687145,0.0,Control,42.79262
3.0,2.0,2.0,12.0,45.683468,0.0,Control,47.041462
3.0,2.0,2.0,13.0,56.311058,0.0,Control,57.76628
3.0,2.0,2.0,14.0,44.989628,0.0,Control,46.10816
3.0,2.0,2.0,15.0,54.611446,0.0,Control,55.802406
3.0,2.0,2.0,16.0,58.022514,0.0,Control,59.424706
3.0,2.0,2.0,17.0,65.66921,0.0,Control,67.07989
3.0,2.0,2.0,18.0,54.257347,0.0,Control,55.552597
3.0,2.0,2.0,19.0,56.130417,0.0,Control,57.579906
3.0,2.0,2.0,20.0,46.68006,0.0,Control,47.964043
3.0,2.0,2.0,21.0,34.029945,0.0,Control,35.245342
3.0,2.0,2.0,22.0,38.79766,0.0,Control,40.20862
3.0,2.0,2.0,23.0,73.27153,0.0,Control,74.57357
3.0,2.0,2.0,24.0,19.078695,0.0,Control,20.310236
3.0,2.0,2.0,25.0,53.089504,0.0,Control,54.34471
3.0,2.0,2.0,26.0,79.95415,0.0,Control,81.275314
3.0,2.0,2.0,27.0,49.880695,0.0,Control,51.03203
3.0,2.0,2.0,28.0,56.764923,0.0,Control,58.08834
3.0,2.0,2.0,29.0,57.853813,0.0,Control,59.159824
3.0,2.0,2.0,30.0,61.688637,0.0,Control,63.12042
3.0,2.0,2.0,31.0,57.1567,0.0,Control,58.381474
3.0,2.0,2.0,32.0,59.403156,0.0,Control,60.766945
3.0,2.0,2.0,33.0,63.86263,0.0,Control,65.102036
3.0,2.0,2.0,34.0,56.361824,0.0,Control,57.617115
3.0,2.0,2.0,35.0,33.539276,0.0,Control,34.715176
3.0,2.0,2.0,36.0,25.65549,0.0,Control,26.817564
3.0,2.0,2.0,37.0,54.92002,0.0,Control,56.145508
3.0,2.0,2.0,38.0,39.199352,0.0,Control,40.53252
4.0,1.0,1.0,1.0,51.27277,1.0,T1,63.82579
4.0,1.0,1.0,2.0,65.240074,2.0,T2,74.265724
4.0,1.0,1.0,3.0,47.7725,1.0,T1,58.851715
4.0,1.0,1.0,4.0,64.42809,2.0,T2,87.05091
4.0,1.0,1.0,5.0,67.6591,1.0,T1,79.922874
4.0,1.0,1.0,6.0,71.310265,1.0,T1,75.035416
4.0,1.0,1.0,7.0,65.75458,2.0,T2,71.09564
4.0,1.0,1.0,8.0,58.473644,1.0,T1,75.71024
4.0,1.0,1.0,9.0,70.6507,2.0,T2,82.86438
4.0,1.0,1.0,10.0,57.660885,2.0,T2,59.42655
4.0,1.0,1.0,11.0,43.47109,2.0,T2,54.06962
4.0,1.0,1.0,12.0,52.457726,2.0,T2,65.12314
4.0,1.0,1.0,13.0,53.04264,2.0,T2,56.798843
4.0,1.0,1.0,14.0,61.758728,1.0,T1,73.24906
4.0,1.0,1.0,15.0,65.83101,1.0,T1,76.693855
4.0,1.0,1.0,16.0,54.750347,2.0,T2,63.3892
4.0,1.0,1.0,17.0,60.32702,1.0,T1,68.84832
4.0,1.0,1.0,18.0,73.41546,1.0,T1,93.173416
4.0,1.0,1.0,19.0,48.132416,1.0,T1,57.04458
4.0,1.0,1.0,20.0,62.24011,1.0,T1,72.78778
4.0,1.0,1.0,21.0,41.533073,2.0,T2,62.294884
4.0,1.0,1.0,22.0,46.400135,2.0,T2,58.151268
4.0,1.0,1.0,23.0,56.85221,1.0,T1,74.780655
4.0,1.0,1.0,24.0,58.904675,1.0,T1,73.725845
4.0,1.0,1.0,25.0,57.198643,1.0,T1,67.94331
4.0,1.0,1.0,26.0,59.218517,2.0,T2,76.60433
4.0,1.0,1.0,27.0,62.501564,1.0,T1,86.236374
4.0,1.0,1.0,28.0,51.242096,2.0,T2,72.073944
4.0,1.0,1.0,29.0,63.34761,2.0,T2,78.54205
4.0,1.0,1.0,30.0,54.02217,2.0,T2,62.785618
4.0,1.0,1.0,31.0,42.349567,2.0,T2,67.15801
4.0,1.0,1.0,32.0,47.16147,1.0,T1,67.33666
4.0,1.0,1.0,33.0,71.19074,1.0,T1,88.83031
4.0,1.0,1.0,34.0,64.7482,2.0,T2,95.712875
4.0,1.0,1.0,35.0,48.917366,2.0,T2,81.67543
4.0,1.0,1.0,36.0,54.878796,2.0,T2,73.00589
4.0,1.0,1.0,37.0,77.89659,2.0,T2,100.83705
4.0,1.0,2.0,1.0,57.00414,0.0,Control,58.302467
4.0,1.0,2.0,2.0,49.247562,0.0,Control,50.468464
4.0,1.0,2.0,3.0,53.24979,0.0,Control,54.584496
4.0,1.0,2.0,4.0,56.636066,0.0,Control,58.054012
4.0,1.0,2.0,5.0,42.01093,0.0,Control,43.367985
4.0,1.0,2.0,6.0,73.69191,0.0,Control,75.106384
4.0,1.0,2.0,7.0,55.092808,0.0,Control,56.187344
4.0,1.0,2.0,8.0,47.59052,0.0,Control,48.9935
4.0,1.0,2.0,9.0,48.027283,0.0,Control,49.347942
4.0,1.0,2.0,10.0,40.000496,0.0,Control,41.393272
4.0,1.0,2.0,11.0,48.791775,0.0,Control,50.186356
4.0,1.0,2.0,12.0,60.578556,0.0,Control,62.167885
4.0,1.0,2.0,13.0,42.197308,0.0,Control,43.579235
4.0,1.0,2.0,14.0,44.414417,0.0,Control,45.60022
4.0,1.0,2.0,15.0,65.450165,0.0,Control,66.62176
4.0,1.0,2.0,16.0,47.0053,0.0,Control,48.311893
4.0,1.0,2.0,17.0,50.300022,0.0,Control,51.52448
4.0,1.0,2.0,18.0,61.874912,0.0,Control,63.271805
4.0,1.0,2.0,19.0,63.65995,0.0,Control,65.02629
4.0,1.0,2.0,20.0,64.41245,0.0,Control,65.8077
4.0,1.0,2.0,21.0,51.70457,0.0,Control,53.05303
4.0,1.0,2.0,22.0,68.65375,0.0,Control,69.988785
4.0,1.0,2.0,23.0,38.442295,0.0,Control,39.71352
4.0,1.0,2.0,24.0,62.293808,0.0,Control,63.509293
4.0,1.0,2.0,25.0,61.956303,0.0,Control,63.116
4.0,1.0,2.0,26.0,60.52973,0.0,Control,61.936913
4.0,1.0,2.0,27.0,50.583843,0.0,Control,51.925457
4.0,1.0,2.0,28.0,47.17385,0.0,Control,48.45099
4.0,1.0,2.0,29.0,71.224236,0.0,Control,72.572685
4.0,1.0,2.0,30.0,37.579723,0.0,Control,38.83972
4.0,1.0,2.0,31.0,62.67911,0.0,Control,64.09158
4.0,1.0,2.0,32.0,56.725132,0.0,Control,57.96972
4.0,1.0,2.0,33.0,59.74346,0.0,Control,61.149174
4.0,1.0,2.0,34.0,64.1072,0.0,Control,65.42492
4.0,1.0,2.0,35.0,61.11556,0.0,Control,62.373318
4.0,1.0,2.0,36.0,82.5238,0.0,Control,84.00808
4.0,1.0,2.0,37.0,42.246235,0.0,Control,43.432465
4.0,1.0,2.0,38.0,53.006474,0.0,Control,54.19931
4.0,2.0,1.0,1.0,49.732533,1.0,T1,59.12746
4.0,2.0,1.0,2.0,44.06149,2.0,T2,57.30877
4.0,2.0,1.0,3.0,55.61532,1.0,T1,57.117092
4.0,2.0,1.0,4.0,67.01386,2.0,T2,91.01821
4.0,2.0,1.0,5.0,53.57862,2.0,T2,67.019516
4.0,2.0,1.0,6.0,49.19998,1.0,T1,53.199894
4.0,2.0,1.0,7.0,49.844494,2.0,T2,63.628735
4.0,2.0,1.0,8.0,64.3287,2.0,T2,76.81869
4.0,2.0,1.0,9.0,40.47811,1.0,T1,61.34977
4.0,2.0,1.0,10.0,42.492065,2.0,T2,55.4793
4.0,2.0,1.0,11.0,48.901535,1.0,T1,61.128296
4.0,2.0,1.0,12.0,71.45596,1.0,T1,77.56509
4.0,2.0,1.0,13.0,58.825714,2.0,T2,58.286125
4.0,2.0,1.0,14.0,55.11817,1.0,T1,68.958435
4.0,2.0,1.0,15.0,43.997982,2.0,T2,52.457993
4.0,2.0,1.0,16.0,60.23902,2.0,T2,78.804924
4.0,2.0,1.0,17.0,48.331055,2.0,T2,62.511566
4.0,2.0,1.0,18.0,61.609386,1.0,T1,68.20573
4.0,2.0,1.0,19.0,52.64216,2.0,T2,70.658714
4.0,2.0,1.0,20.0,54.956753,2.0,T2,80.8154
4.0,2.0,1.0,21.0,56.16337,1.0,T1,72.37236
4.0,2.0,1.0,22.0,52.25555,1.0,T1,67.723526
4.0,2.0,1.0,23.0,50.02168,2.0,T2,72.351746
4.0,2.0,1.0,24.0,54.444164,2.0,T2,76.25548
4.0,2.0,1.0,25.0,53.64973,2.0,T2,76.839294
4.0,2.0,1.0,26.0,53.800957,2.0,T2,74.26437
4.0,2.0,1.0,27.0,55.888092,2.0,T2,75.532394
4.0,2.0,1.0,28.0,48.997494,1.0,T1,53.9258
4.0,2.0,1.0,29.0,60.974808,1.0,T1,62.921295
4.0,2.0,1.0,30.0,42.037884,1.0,T1,52.46188
4.0,2.0,1.0,31.0,66.166016,1.0,T1,77.23446
4.0,2.0,1.0,32.0,61.259186,2.0,T2,79.96059
4.0,2.0,1.0,33.0,57.544308,2.0,T2,66.96984
4.0,2.0,1.0,34.0,55.214844,1.0,T1,69.584335
4.0,2.0,1.0,35.0,59.058964,2.0,T2,68.87542
4.0,2.0,1.0,36.0,55.08214,1.0,T1,65.28407
4.0,2.0,1.0,37.0,76.36602,1.0,T1,92.372536
4.0,2.0,2.0,1.0,49.728214,0.0,Control,50.994244
4.0,2.0,2.0,2.0,42.35158,0.0,Control,43.65606
4.0,2.0,2.0,3.0,63.990948,0.0,Control,65.089836
4.0,2.0,2.0,4.0,45.953568,0.0,Control,47.26683
4.0,2.0,2.0,5.0,45.182785,0.0,Control,46.43479
4.0,2.0,2.0,6.0,58.61209,0.0,Control,59.90209
4.0,2.0,2.0,7.0,67.96209,0.0,Control,69.44288
4.0,2.0,2.0,8.0,58.37557,0.0,Control,59.64223
4.0,2.0,2.0,9.0,53.162533,0.0,Control,54.386322
4.0,2.0,2.0,10.0,52.577667,0.0,Control,53.912487
4.0,2.0,2.0,11.0,59.07217,0.0,Control,60.333305
4.0,2.0,2.0,12.0,42.435078,0.0,Control,43.469692
4.0,2.0,2.0,13.0,59.040443,0.0,Control,60.540817
4.0,2.0,2.0,14.0,69.60467,0.0,Control,70.89539
4.0,2.0,2.0,15.0,46.395527,0.0,Control,47.716038
4.0,2.0,2.0,16.0,45.61001,0.0,Control,46.95678
4.0,2.0,2.0,17.0,36.39351,0.0,Control,37.67334
4.0,2.0,2.0,18.0,65.972786,0.0,Control,67.233154
4.0,2.0,2.0,19.0,57.397842,0.0,Control,58.687744
4.0,2.0,2.0,20.0,60.70661,0.0,Control,61.878056
4.0,2.0,2.0,21.0,70.26972,0.0,Control,71.49611
4.0,2.0,2.0,22.0,51.39076,0.0,Control,52.743263
4.0,2.0,2.0,23.0,68.739784,0.0,Control,70.06124
4.0,2.0,2.0,24.0,34.35589,0.0,Control,35.72629
4.0,2.0,2.0,25.0,76.75351,0.0,Control,77.987076
4.0,2.0,2.0,26.0,51.701725,0.0,Control,52.850544
4.0,2.0,2.0,27.0,51.325336,0.0,Control,52.575275
4.0,2.0,2.0,28.0,69.61074,0.0,Control,70.931404
4.0,2.0,2.0,29.0,53.006138,0.0,Control,54.509457
4.0,2.0,2.0,30.0,63.298065,0.0,Control,64.499504
4.0,2.0,2.0,31.0,74.06479,0.0,Control,75.47154
4.0,2.0,2.0,32.0,44.209343,0.0,Control,45.55052
4.0,2.0,2.0,33.0,52.8518,0.0,Control,54.141373
4.0,2.0,2.0,34.0,52.28962,0.0,Control,53.72632
4.0,2.0,2.0,35.0,62.035748,0.0,Control,63.358288
4.0,2.0,2.0,36.0,69.019264,0.0,Control,70.23418
4.0,2.0,2.0,37.0,56.82656,0.0,Control,58.149433
4.0,2.0,2.0,38.0,57.71356,0.0,Control,59.083595
5.0,1.0,1.0,1.0,87.44307,2.0,T2,106.190544
5.0,1.0,1.0,2.0,61.186893,1.0,T1,72.83897
5.0,1.0,1.0,3.0,52.627857,2.0,T2,61.265045
5.0,1.0,1.0,4.0,60.858467,1.0,T1,80.720245
5.0,1.0,1.0,5.0,44.220825,1.0,T1,71.44708
5.0,1.0,1.0,6.0,62.301956,2.0,T2,78.014694
5.0,1.0,1.0,7.0,61.74185,1.0,T1,67.60128
5.0,1.0,1.0,8.0,66.71538,1.0,T1,86.34898
5.0,1.0,1.0,9.0,61.09088,2.0,T2,70.668465
5.0,1.0,1.0,10.0,52.78582,2.0,T2,71.60234
5.0,1.0,1.0,11.0,64.81479,2.0,T2,86.73729
5.0,1.0,1.0,12.0,53.562065,1.0,T1,66.87151
5.0,1.0,1.0,13.0,46.659443,1.0,T1,71.02121
5.0,1.0,1.0,14.0,47.790424,2.0,T2,67.33798
5.0,1.0,1.0,15.0,48.94816,1.0,T1,54.132923
5.0,1.0,1.0,16.0,58.36897,1.0,T1,72.64082
5.0,1.0,1.0,17.0,68.86148,1.0,T1,83.41693
5.0,1.0,1.0,18.0,72.83542,1.0,T1,87.52852
5.0,1.0,1.0,19.0,68.13337,2.0,T2,89.22972
5.0,1.0,1.0,20.0,59.064026,2.0,T2,70.73246
5.0,1.0,1.0,21.0,52.536907,2.0,T2,76.89167
5.0,1.0,1.0,22.0,57.570972,2.0,T2,74.49783
5.0,1.0,1.0,23.0,61.995075,1.0,T1,81.75436
5.0,1.0,1.0,24.0,68.277084,1.0,T1,78.445694
5.0,1.0,1.0,25.0,58.144306,2.0,T2,70.22649
5.0,1.0,1.0,26.0,60.229145,1.0,T1,76.54793
5.0,1.0,1.0,27.0,54.39785,2.0,T2,75.65068
5.0,1.0,1.0,28.0,41.03903,2.0,T2,58.22466
5.0,1.0,1.0,29.0,51.846413,2.0,T2,83.38348
5.0,1.0,1.0,30.0,69.011986,1.0,T1,90.24371
5.0,1.0,1.0,31.0,60.340294,1.0,T1,69.1925
5.0,1.0,1.0,32.0,54.153416,2.0,T2,75.04899
5.0,1.0,1.0,33.0,45.905872,2.0,T2,72.7075
5.0,1.0,1.0,34.0,56.321625,1.0,T1,71.31981
5.0,1.0,1.0,35.0,76.55134,2.0,T2,92.25266
5.0,1.0,1.0,36.0,56.552147,2.0,T2,67.445656
5.0,1.0,1.0,37.0,46.7895,2.0,T2,73.626785
5.0,1.0,2.0,1.0,52.672558,0.0,Control,53.925064
5.0,1.0,2.0,2.0,62.941723,0.0,Control,64.12002
5.0,1.0,2.0,3.0,63.6188,0.0,Control,64.932915
5.0,1.0,2.0,4.0,82.00987,0.0,Control,83.21551
5.0,1.0,2.0,5.0,56.4247,0.0,Control,57.720432
5.0,1.0,2.0,6.0,47.705505,0.0,Control,49.040806
5.0,1.0,2.0,7.0,50.258587,0.0,Control,51.40559
5.0,1.0,2.0,8.0,58.877697,0.0,Control,60.193306
5.0,1.0,2.0,9.0,40.236523,0.0,Control,41.575405
5.0,1.0,2.0,10.0,54.261154,0.0,Control,55.521152
5.0,1.0,2.0,11.0,60.13425,0.0,Control,61.41808
5.0,1.0,2.0,12.0,51.73207,0.0,Control,53.161633
5.0,1.0,2.0,13.0,65.99005,0.0,Control,67.54654
5.0,1.0,2.0,14.0,58.239494,0.0,Control,59.487938
5.0,1.0,2.0,15.0,58.50161,0.0,Control,59.76718
5.0,1.0,2.0,16.0,55.322292,0.0,Control,56.50977
5.0,1.0,2.0,17.0,63.36292,0.0,Control,64.74396
5.0,1.0,2.0,18.0,50.41133,0.0,Control,51.631622
5.0,1.0,2.0,19.0,50.138504,0.0,Control,51.453297
5.0,1.0,2.0,20.0,61.43628,0.0,Control,62.790405
5.0,1.0,2.0,21.0,64.09388,0.0,Control,65.58692
5.0,1.0,2.0,22.0,56.847828,0.0,Control,58.251144
5.0,1.0,2.0,23.0,58.00686,0.0,Control,59.249847
5.0,1.0,2.0,24.0,57.06995,0.0,Control,58.331882
5.0,1.0,2.0,25.0,46.04305,0.0,Control,47.397503
5.0,1.0,2.0,26.0,58.01799,0.0,Control,59.272423
5.0,1.0,2.0,27.0,68.3079,0.0,Control,69.53099
5.0,1.0,2.0,28.0,48.127083,0.0,Control,49.32258
5.0,1.0,2.0,29.0,52.147587,0.0,Control,53.42586
5.0,1.0,2.0,30.0,68.90886,0.0,Control,70.222725
5.0,1.0,2.0,31.0,51.351803,0.0,Control,52.856113
5.0,1.0,2.0,32.0,40.214462,0.0,Control,41.6115
5.0,1.0,2.0,33.0,60.83101,0.0,Control,62.262066
5.0,1.0,2.0,34.0,44.394688,0.0,Control,45.81305
5.0,1.0,2.0,35.0,63.14418,0.0,Control,64.27404
5.0,1.0,2.0,36.0,46.68734,0.0,Control,48.172203
5.0,1.0,2.0,37.0,55.102264,0.0,Control,56.487843
5.0,1.0,2.0,38.0,67.64135,0.0,Control,68.994804
5.0,2.0,1.0,1.0,47.905712,1.0,T1,59.08893
5.0,2.0,1.0,2.0,50.83124,2.0,T2,80.87944
5.0,2.0,1.0,3.0,54.69127,2.0,T2,56.397728
5.0,2.0,1.0,4.0,67.612946,2.0,T2,95.08008
5.0,2.0,1.0,5.0,44.118294,2.0,T2,61.345596
5.0,2.0,1.0,6.0,58.054836,1.0,T1,73.10262
5.0,2.0,1.0,7.0,49.286766,1.0,T1,65.58227
5.0,2.0,1.0,8.0,65.72218,2.0,T2,86.33577
5.0,2.0,1.0,9.0,55.535686,2.0,T2,88.36148
5.0,2.0,1.0,10.0,53.36325,2.0,T2,81.841835
5.0,2.0,1.0,11.0,25.56179,2.0,T2,36.590694
5.0,2.0,1.0,12.0,48.50469,2.0,T2,56.63307
5.0,2.0,1.0,13.0,44.779755,1.0,T1,57.479145
5.0,2.0,1.0,14.0,60.035213,1.0,T1,74.136154
5.0,2.0,1.0,15.0,62.159622,2.0,T2,68.34111
5.0,2.0,1.0,16.0,68.19976,2.0,T2,79.995895
5.0,2.0,1.0,17.0,60.850082,1.0,T1,81.34621
5.0,2.0,1.0,18.0,47.72863,1.0,T1,64.776474
5.0,2.0,1.0,19.0,54.79945,2.0,T2,81.7883
5.0,2.0,1.0,20.0,53.34538,2.0,T2,63.970886
5.0,2.0,1.0,21.0,61.578224,2.0,T2,62.697536
5.0,2.0,1.0,22.0,56.60004,1.0,T1,62.75505
5.0,2.0,1.0,23.0,57.971222,1.0,T1,74.95201
5.0,2.0,1.0,24.0,49.62494,2.0,T2,65.21649
5.0,2.0,1.0,25.0,64.5888,2.0,T2,72.58442
5.0,2.0,1.0,26.0,70.932655,1.0,T1,80.215096
5.0,2.0,1.0,27.0,64.075905,2.0,T2,83.93995
5.0,2.0,1.0,28.0,53.424454,1.0,T1,71.94173
5.0,2.0,1.0,29.0,65.45466,2.0,T2,81.28511
5.0,2.0,1.0,30.0,47.03192,1.0,T1,66.04559
5.0,2.0,1.0,31.0,53.547367,1.0,T1,62.244274
5.0,2.0,1.0,32.0,48.5823,1.0,T1,71.64985
5.0,2.0,1.0,33.0,40.896973,2.0,T2,68.1586
5.0,2.0,1.0,34.0,63.589916,1.0,T1,71.54129
5.0,2.0,1.0,35.0,61.192505,2.0,T2,68.67877
5.0,2.0,1.0,36.0,46.212803,1.0,T1,57.366257
5.0,2.0,1.0,37.0,47.933853,1.0,T1,67.465645
5.0,2.0,2.0,1.0,68.51338,0.0,Control,69.9084
5.0,2.0,2.0,2.0,62.350136,0.0,Control,63.505676
5.0,2.0,2.0,3.0,55.035843,0.0,Control,56.3337
5.0,2.0,2.0,4.0,64.016235,0.0,Control,65.324196
5.0,2.0,2.0,5.0,71.532524,0.0,Control,72.85052
5.0,2.0,2.0,6.0,42.470463,0.0,Control,43.97543
5.0,2.0,2.0,7.0,60.74848,0.0,Control,62.04207
5.0,2.0,2.0,8.0,59.851112,0.0,Control,61.225807
5.0,2.0,2.0,9.0,42.944073,0.0,Control,44.384705
5.0,2.0,2.0,10.0,52.137836,0.0,Control,53.464676
5.0,2.0,2.0,11.0,41.670994,0.0,Control,42.823112
5.0,2.0,2.0,12.0,64.54817,0.0,Control,65.7571
5.0,2.0,2.0,13.0,43.566242,0.0,Control,44.851353
5.0,2.0,2.0,14.0,35.34444,0.0,Control,36.59567
5.0,2.0,2.0,15.0,55.07451,0.0,Control,56.452084
5.0,2.0,2.0,16.0,70.55569,0.0,Control,71.87448
5.0,2.0,2.0,17.0,63.60897,0.0,Control,65.01865
5.0,2.0,2.0,18.0,54.873795,0.0,Control,56.15923
5.0,2.0,2.0,19.0,50.407387,0.0,Control,51.635506
5.0,2.0,2.0,20.0,41.056213,0.0,Control,42.38157
5.0,2.0,2.0,21.0,77.25821,0.0,Control,78.45113
5.0,2.0,2.0,22.0,47.561314,0.0,Control,48.749554
5.0,2.0,2.0,23.0,80.66378,0.0,Control,81.98717
5.0,2.0,2.0,24.0,66.145485,0.0,Control,67.60614
5.0,2.0,2.0,25.0,48.504177,0.0,Control,49.871994
5.0,2.0,2.0,26.0,50.532463,0.0,Control,51.825905
5.0,2.0,2.0,27.0,49.792114,0.0,Control,51.045555
5.0,2.0,2.0,28.0,56.40917,0.0,Control,57.760357
5.0,2.0,2.0,29.0,44.24501,0.0,Control,45.63408
5.0,2.0,2.0,30.0,55.3589,0.0,Control,56.559547
5.0,2.0,2.0,31.0,46.825714,0.0,Control,48.12531
5.0,2.0,2.0,32.0,59.712997,0.0,Control,60.973095
5.0,2.0,2.0,33.0,57.35717,0.0,Control,58.712658
5.0,2.0,2.0,34.0,52.727562,0.0,Control,53.985653
5.0,2.0,2.0,35.0,58.00549,0.0,Control,59.44132
5.0,2.0,2.0,36.0,73.5384,0.0,Control,74.93851
5.0,2.0,2.0,37.0,54.01792,0.0,Control,55.38248
5.0,2.0,2.0,38.0,55.484642,0.0,Control,56.691975
6.0,1.0,1.0,1.0,60.93534,2.0,T2,64.422424
6.0,1.0,1.0,2.0,54.63294,1.0,T1,69.63007
6.0,1.0,1.0,3.0,80.708275,2.0,T2,107.15103
6.0,1.0,1.0,4.0,37.359203,2.0,T2,46.127186
6.0,1.0,1.0,5.0,64.58098,2.0,T2,87.08758
6.0,1.0,1.0,6.0,43.79582,1.0,T1,51.450996
6.0,1.0,1.0,7.0,82.492256,2.0,T2,105.16344
6.0,1.0,1.0,8.0,48.6993,2.0,T2,62.791985
6.0,1.0,1.0,9.0,40.911297,2.0,T2,55.550434
6.0,1.0,1.0,10.0,37.776703,1.0,T1,48.49567
6.0,1.0,1.0,11.0,60.43302,1.0,T1,66.915085
6.0,1.0,1.0,12.0,58.93394,1.0,T1,73.86081
6.0,1.0,1.0,13.0,39.04063,2.0,T2,42.969276
6.0,1.0,1.0,14.0,46.900368,1.0,T1,54.54223
6.0,1.0,1.0,15.0,61.693443,2.0,T2,80.86499
6.0,1.0,1.0,16.0,50.258965,1.0,T1,62.225685
6.0,1.0,1.0,17.0,53.529182,2.0,T2,65.18437
6.0,1.0,1.0,18.0,56.386192,2.0,T2,69.281906
6.0,1.0,1.0,19.0,57.95754,2.0,T2,64.50706
6.0,1.0,1.0,20.0,74.49337,1.0,T1,92.11208
6.0,1.0,1.0,21.0,43.486576,2.0,T2,56.47291
6.0,1.0,1.0,22.0,50.284184,1.0,T1,56.6587
6.0,1.0,1.0,23.0,69.448784,1.0,T1,86.032776
6.0,1.0,1.0,24.0,37.891987,1.0,T1,54.313553
6.0,1.0,1.0,25.0,41.89706,1.0,T1,54.122738
6.0,1.0,1.0,26.0,51.298237,1.0,T1,69.184494
6.0,1.0,1.0,27.0,57.046837,1.0,T1,68.44327
6.0,1.0,1.0,28.0,43.75906,2.0,T2,60.15986
6.0,1.0,1.0,29.0,43.3948,1.0,T1,53.57657
6.0,1.0,1.0,30.0,65.46677,2.0,T2,72.9507
6.0,1.0,1.0,31.0,58.25272,2.0,T2,87.17849
6.0,1.0,1.0,32.0,52.487625,1.0,T1,64.75388
6.0,1.0,1.0,33.0,61.954773,2.0,T2,92.54332
6.0,1.0,1.0,34.0,63.414345,1.0,T1,78.75541
6.0,1.0,1.0,35.0,50.252003,2.0,T2,60.622574
6.0,1.0,1.0,36.0,60.92125,2.0,T2,80.06724
6.0,1.0,1.0,37.0,55.751812,2.0,T2,68.39963
6.0,1.0,2.0,1.0,58.877285,0.0,Control,60.00574
6.0,1.0,2.0,2.0,64.0897,0.0,Control,65.37344
6.0,1.0,2.0,3.0,58.592068,0.0,Control,60.03586
6.0,1.0,2.0,4.0,67.63815,0.0,Control,69.05486
6.0,1.0,2.0,5.0,60.787064,0.0,Control,62.076042
6.0,1.0,2.0,6.0,68.99643,0.0,Control,70.37261
6.0,1.0,2.0,7.0,53.805508,0.0,Control,54.96158
6.0,1.0,2.0,8.0,35.791912,0.0,Control,37.05199
6.0,1.0,2.0,9.0,74.83596,0.0,Control,76.0865
6.0,1.0,2.0,10.0,69.57427,0.0,Control,70.87478
6.0,1.0,2.0,11.0,60.633137,0.0,Control,61.947784
6.0,1.0,2.0,12.0,74.57375,0.0,Control,75.90083
6.0,1.0,2.0,13.0,66.36883,0.0,Control,67.69147
6.0,1.0,2.0,14.0,52.432487,0.0,Control,53.707893
6.0,1.0,2.0,15.0,46.161148,0.0,Control,47.423893
6.0,1.0,2.0,16.0,40.825813,0.0,Control,42.18136
6.0,1.0,2.0,17.0,63.059776,0.0,Control,64.19501
6.0,1.0,2.0,18.0,62.744793,0.0,Control,64.07044
6.0,1.0,2.0,19.0,31.933067,0.0,Control,33.269245
6.0,1.0,2.0,20.0,67.19018,0.0,Control,68.40358
6.0,1.0,2.0,21.0,48.366238,0.0,Control,49.721676
6.0,1.0,2.0,22.0,52.154785,0.0,Control,53.719124
6.0,1.0,2.0,23.0,37.39175,0.0,Control,38.80453
6.0,1.0,2.0,24.0,56.68568,0.0,Control,57.78774
6.0,1.0,2.0,25.0,52.763313,0.0,Control,54.185814
6.0,1.0,2.0,26.0,60.76768,0.0,Control,62.155247
6.0,1.0,2.0,27.0,86.86542,0.0,Control,87.98448
6.0,1.0,2.0,28.0,46.1476,0.0,Control,47.291073
6.0,1.0,2.0,29.0,56.689686,0.0,Control,57.877052
6.0,1.0,2.0,30.0,47.341187,0.0,Control,48.5725
6.0,1.0,2.0,31.0,66.94188,0.0,Control,68.00065
6.0,1.0,2.0,32.0,55.81018,0.0,Control,57.105026
6.0,1.0,2.0,33.0,54.52798,0.0,Control,55.790073
6.0,1.0,2.0,34.0,51.927475,0.0,Control,53.208885
6.0,1.0,2.0,35.0,36.666843,0.0,Control,38.00281
6.0,1.0,2.0,36.0,55.29836,0.0,Control,56.56346
6.0,1.0,2.0,37.0,55.064903,0.0,Control,56.341984
6.0,1.0,2.0,38.0,60.04265,0.0,Control,61.321186
6.0,2.0,1.0,1.0,59.49679,2.0,T2,94.34057
6.0,2.0,1.0,2.0,52.841343,1.0,T1,68.52571
6.0,2.0,1.0,3.0,53.279453,2.0,T2,59.623936
6.0,2.0,1.0,4.0,72.0628,2.0,T2,84.10999
6.0,2.0,1.0,5.0,81.62303,1.0,T1,85.97133
6.0,2.0,1.0,6.0,33.633533,2.0,T2,54.298687
6.0,2.0,1.0,7.0,43.950947,2.0,T2,64.845474
6.0,2.0,1.0,8.0,61.535114,2.0,T2,65.986496
6.0,2.0,1.0,9.0,52.420395,2.0,T2,66.17372
6.0,2.0,1.0,10.0,70.402176,1.0,T1,78.68617
6.0,2.0,1.0,11.0,44.25646,1.0,T1,50.873486
6.0,2.0,1.0,12.0,39.29798,2.0,T2,53.902264
6.0,2.0,1.0,13.0,31.669859,2.0,T2,41.487514
6.0,2.0,1.0,14.0,55.112,2.0,T2,66.64081
6.0,2.0,1.0,15.0,39.227528,1.0,T1,49.674923
6.0,2.0,1.0,16.0,53.47196,1.0,T1,78.314026
6.0,2.0,1.0,17.0,42.559814,1.0,T1,60.794014
6.0,2.0,1.0,18.0,32.929928,2.0,T2,44.93476
6.0,2.0,1.0,19.0,43.639187,1.0,T1,59.19031
6.0,2.0,1.0,20.0,52.91522,1.0,T1,60.539383
6.0,2.0,1.0,21.0,68.050606,2.0,T2,84.44806
6.0,2.0,1.0,22.0,45.420094,1.0,T1,49.221046
6.0,2.0,1.0,23.0,53.9023,2.0,T2,64.12363
6.0,2.0,1.0,24.0,51.94108,2.0,T2,56.776314
6.0,2.0,1.0,25.0,56.365974,2.0,T2,78.7759
6.0,2.0,1.0,26.0,46.273254,2.0,T2,71.99908
6.0,2.0,1.0,27.0,51.40818,2.0,T2,59.185753
6.0,2.0,1.0,28.0,38.649544,2.0,T2,51.932198
6.0,2.0,1.0,29.0,44.870796,1.0,T1,47.752323
6.0,2.0,1.0,30.0,45.02765,1.0,T1,67.74367
6.0,2.0,1.0,31.0,49.268005,2.0,T2,49.983616
6.0,2.0,1.0,32.0,63.9669,1.0,T1,83.89397
6.0,2.0,1.0,33.0,49.58267,1.0,T1,64.06285
6.0,2.0,1.0,34.0,44.081528,1.0,T1,72.250916
6.0,2.0,1.0,35.0,54.154053,2.0,T2,60.997684
6.0,2.0,1.0,36.0,49.237392,1.0,T1,54.891243
6.0,2.0,1.0,37.0,61.793636,1.0,T1,76.94313
6.0,2.0,2.0,1.0,43.335533,0.0,Control,44.600082
6.0,2.0,2.0,2.0,53.58828,0.0,Control,54.791473
6.0,2.0,2.0,3.0,47.518772,0.0,Control,49.069202
6.0,2.0,2.0,4.0,60.537674,0.0,Control,61.71366
6.0,2.0,2.0,5.0,57.96572,0.0,Control,59.199036
6.0,2.0,2.0,6.0,45.68923,0.0,Control,47.01295
6.0,2.0,2.0,7.0,58.8361,0.0,Control,60.216244
6.0,2.0,2.0,8.0,61.757984,0.0,Control,63.12352
6.0,2.0,2.0,9.0,68.3076,0.0,Control,69.500946
6.0,2.0,2.0,10.0,46.86464,0.0,Control,48.129486
6.0,2.0,2.0,11.0,57.722076,0.0,Control,58.95132
6.0,2.0,2.0,12.0,64.24267,0.0,Control,65.36444
6.0,2.0,2.0,13.0,54.682987,0.0,Control,56.007435
6.0,2.0,2.0,14.0,41.032745,0.0,Control,42.395107
6.0,2.0,2.0,15.0,74.11744,0.0,Control,75.277824
6.0,2.0,2.0,16.0,40.955185,0.0,Control,42.207928
6.0,2.0,2.0,17.0,67.813736,0.0,Control,68.98835
6.0,2.0,2.0,18.0,44.454704,0.0,Control,45.771423
6.0,2.0,2.0,19.0,53.84335,0.0,Control,55.154163
6.0,2.0,2.0,20.0,43.830116,0.0,Control,45.232056
6.0,2.0,2.0,21.0,42.64698,0.0,Control,44.076572
6.0,2.0,2.0,22.0,41.773987,0.0,Control,42.93439
6.0,2.0,2.0,23.0,49.229324,0.0,Control,50.484756
6.0,2.0,2.0,24.0,44.768616,0.0,Control,46.09669
6.0,2.0,2.0,25.0,35.025963,0.0,Control,36.320194
6.0,2.0,2.0,26.0,46.81222,0.0,Control,48.01044
6.0,2.0,2.0,27.0,61.03592,0.0,Control,62.38049
6.0,2.0,2.0,28.0,44.61597,0.0,Control,45.672855
6.0,2.0,2.0,29.0,50.205357,0.0,Control,51.51752
6.0,2.0,2.0,30.0,66.99238,0.0,Control,68.14197
6.0,2.0,2.0,31.0,34.123062,0.0,Control,35.604942
6.0,2.0,2.0,32.0,35.510902,0.0,Control,36.87822
6.0,2.0,2.0,33.0,68.32391,0.0,Control,69.45839
6.0,2.0,2.0,34.0,54.142548,0.0,Control,55.221474
6.0,2.0,2.0,35.0,62.49589,0.0,Control,63.735386
6.0,2.0,2.0,36.0,68.78287,0.0,Control,69.97523
6.0,2.0,2.0,37.0,53.93743,0.0,Control,55.279476
6.0,2.0,2.0,38.0,54.83927,0.0,Control,56.0953
7.0,1.0,1.0,1.0,50.63991,1.0,T1,69.232635
7.0,1.0,1.0,2.0,47.19254,2.0,T2,63.22506
7.0,1.0,1.0,3.0,39.353775,2.0,T2,39.009384
7.0,1.0,1.0,4.0,55.336014,2.0,T2,69.39526
7.0,1.0,1.0,5.0,49.576817,1.0,T1,56.309334
7.0,1.0,1.0,6.0,57.962704,2.0,T2,68.14577
7.0,1.0,1.0,7.0,55.16793,2.0,T2,67.95237
7.0,1.0,1.0,8.0,46.104347,2.0,T2,59.114365
7.0,1.0,1.0,9.0,67.41686,2.0,T2,87.54592
7.0,1.0,1.0,10.0,43.112602,1.0,T1,66.4782
7.0,1.0,1.0,11.0,56.02341,2.0,T2,71.20276
7.0,1.0,1.0,12.0,51.874355,1.0,T1,61.966934
7.0,1.0,1.0,13.0,68.44376,2.0,T2,81.84592
7.0,1.0,1.0,14.0,45.131065,1.0,T1,53.13603
7.0,1.0,1.0,15.0,46.683636,1.0,T1,61.479343
7.0,1.0,1.0,16.0,55.499573,1.0,T1,55.927773
7.0,1.0,1.0,17.0,61.65407,2.0,T2,87.400925
7.0,1.0,1.0,18.0,53.74152,1.0,T1,75.68962
7.0,1.0,1.0,19.0,67.488,1.0,T1,77.042274
7.0,1.0,1.0,20.0,36.306377,1.0,T1,51.01333
7.0,1.0,1.0,21.0,53.418907,2.0,T2,74.090164
7.0,1.0,1.0,22.0,48.773018,1.0,T1,58.649925
7.0,1.0,1.0,23.0,48.076927,2.0,T2,69.88986
7.0,1.0,1.0,24.0,26.138924,2.0,T2,37.931343
7.0,1.0,1.0,25.0,41.428276,1.0,T1,49.811184
7.0,1.0,1.0,26.0,61.664684,1.0,T1,88.11751
7.0,1.0,1.0,27.0,51.586685,2.0,T2,66.70696
7.0,1.0,1.0,28.0,57.85737,2.0,T2,73.56912
7.0,1.0,1.0,29.0,50.64272,1.0,T1,66.66842
7.0,1.0,1.0,30.0,45.917423,2.0,T2,64.616776
7.0,1.0,1.0,31.0,46.106678,2.0,T2,55.91295
7.0,1.0,1.0,32.0,27.93012,1.0,T1,42.606667
7.0,1.0,1.0,33.0,60.706867,1.0,T1,79.290085
7.0,1.0,1.0,34.0,69.97148,1.0,T1,88.15828
7.0,1.0,1.0,35.0,55.364315,2.0,T2,80.75333
7.0,1.0,1.0,36.0,27.424635,2.0,T2,33.11787
7.0,1.0,1.0,37.0,72.022804,2.0,T2,73.245605
7.0,1.0,2.0,1.0,58.615112,0.0,Control,59.88656
7.0,1.0,2.0,2.0,53.119385,0.0,Control,54.485973
7.0,1.0,2.0,3.0,38.871696,0.0,Control,40.051155
7.0,1.0,2.0,4.0,49.18666,0.0,Control,50.516678
7.0,1.0,2.0,5.0,50.02832,0.0,Control,51.58401
7.0,1.0,2.0,6.0,55.473057,0.0,Control,56.994404
7.0,1.0,2.0,7.0,67.98054,0.0,Control,69.19168
7.0,1.0,2.0,8.0,68.27751,0.0,Control,69.52411
7.0,1.0,2.0,9.0,53.604473,0.0,Control,54.965908
7.0,1.0,2.0,10.0,41.578968,0.0,Control,42.798874
7.0,1.0,2.0,11.0,54.912712,0.0,Control,56.21155
7.0,1.0,2.0,12.0,54.465252,0.0,Control,55.775898
7.0,1.0,2.0,13.0,46.66656,0.0,Control,47.997482
7.0,1.0,2.0,14.0,53.676216,0.0,Control,54.980564
7.0,1.0,2.0,15.0,47.39289,0.0,Control,48.752155
7.0,1.0,2.0,16.0,56.129562,0.0,Control,57.44009
7.0,1.0,2.0,17.0,63.309406,0.0,Control,64.54521
7.0,1.0,2.0,18.0,73.04783,0.0,Control,74.35736
7.0,1.0,2.0,19.0,37.13125,0.0,Control,38.484715
7.0,1.0,2.0,20.0,33.142315,0.0,Control,34.521805
7.0,1.0,2.0,21.0,66.812164,0.0,Control,68.085724
7.0,1.0,2.0,22.0,67.613144,0.0,Control,68.993904
7.0,1.0,2.0,23.0,80.28303,0.0,Control,81.599785
7.0,1.0,2.0,24.0,61.957542,0.0,Control,63.212353
7.0,1.0,2.0,25.0,57.228836,0.0,Control,58.472607
7.0,1.0,2.0,26.0,69.572464,0.0,Control,71.00217
7.0,1.0,2.0,27.0,79.54024,0.0,Control,80.735306
7.0,1.0,2.0,28.0,56.548172,0.0,Control,57.967945
7.0,1.0,2.0,29.0,54.243267,0.0,Control,55.511147
7.0,1.0,2.0,30.0,64.81537,0.0,Control,66.02566
7.0,1.0,2.0,31.0,77.60474,0.0,Control,78.78369
7.0,1.0,2.0,32.0,57.45414,0.0,Control,58.58276
7.0,1.0,2.0,33.0,49.199448,0.0,Control,50.630135
7.0,1.0,2.0,34.0,61.02467,0.0,Control,62.38061
7.0,1.0,2.0,35.0,67.35874,0.0,Control,68.64611
7.0,1.0,2.0,36.0,42.707195,0.0,Control,43.826355
7.0,1.0,2.0,37.0,61.105873,0.0,Control,62.40159
7.0,1.0,2.0,38.0,64.52601,0.0,Control,65.73836
7.0,2.0,1.0,1.0,76.35377,2.0,T2,78.13476
7.0,2.0,1.0,2.0,64.739235,2.0,T2,85.49376
7.0,2.0,1.0,3.0,38.003674,1.0,T1,48.22181
7.0,2.0,1.0,4.0,53.0972,1.0,T1,58.589912
7.0,2.0,1.0,5.0,61.14421,2.0,T2,79.449196
7.0,2.0,1.0,6.0,31.734358,1.0,T1,46.14801
7.0,2.0,1.0,7.0,64.716324,2.0,T2,86.70227
7.0,2.0,1.0,8.0,44.005753,1.0,T1,60.523094
7.0,2.0,1.0,9.0,70.47236,2.0,T2,84.63661
7.0,2.0,1.0,10.0,54.44771,2.0,T2,77.82623
7.0,2.0,1.0,11.0,55.647163,1.0,T1,68.6152
7.0,2.0,1.0,12.0,40.055527,1.0,T1,52.809475
7.0,2.0,1.0,13.0,40.639484,1.0,T1,37.132927
7.0,2.0,1.0,14.0,36.681873,2.0,T2,65.33397
7.0,2.0,1.0,15.0,60.435703,1.0,T1,93.37858
7.0,2.0,1.0,16.0,64.091866,1.0,T1,60.995235
7.0,2.0,1.0,17.0,64.82633,1.0,T1,79.956314
7.0,2.0,1.0,18.0,56.29034,2.0,T2,58.035122
7.0,2.0,1.0,19.0,57.11178,2.0,T2,69.38934
7.0,2.0,1.0,20.0,50.886383,2.0,T2,62.884018
7.0,2.0,1.0,21.0,52.502983,2.0,T2,60.12329
7.0,2.0,1.0,22.0,33.982826,2.0,T2,47.60837
7.0,2.0,1.0,23.0,59.00055,2.0,T2,58.996796
7.0,2.0,1.0,24.0,51.78532,1.0,T1,72.08589
7.0,2.0,1.0,25.0,51.26025,2.0,T2,77.04234
7.0,2.0,1.0,26.0,55.976498,2.0,T2,67.28658
7.0,2.0,1.0,27.0,58.67411,1.0,T1,76.58464
7.0,2.0,1.0,28.0,60.886417,1.0,T1,65.706116
7.0,2.0,1.0,29.0,66.0125,1.0,T1,66.02296
7.0,2.0,1.0,30.0,66.40482,1.0,T1,75.47895
7.0,2.0,1.0,31.0,73.41963,2.0,T2,85.51952
7.0,2.0,1.0,32.0,55.114735,1.0,T1,68.796295
7.0,2.0,1.0,33.0,71.312035,2.0,T2,87.690315
7.0,2.0,1.0,34.0,55.68473,2.0,T2,72.21196
7.0,2.0,1.0,35.0,70.9348,1.0,T1,82.92551
7.0,2.0,1.0,36.0,49.29963,2.0,T2,68.946434
7.0,2.0,1.0,37.0,65.07049,2.0,T2,69.761696
7.0,2.0,2.0,1.0,46.232944,0.0,Control,47.58304
7.0,2.0,2.0,2.0,37.560715,0.0,Control,38.98147
7.0,2.0,2.0,3.0,57.831203,0.0,Control,59.21405
7.0,2.0,2.0,4.0,68.72376,0.0,Control,70.06304
7.0,2.0,2.0,5.0,57.199238,0.0,Control,58.41356
7.0,2.0,2.0,6.0,62.48053,0.0,Control,63.70474
7.0,2.0,2.0,7.0,54.64324,0.0,Control,55.97364
7.0,2.0,2.0,8.0,63.518776,0.0,Control,64.76007
7.0,2.0,2.0,9.0,71.54837,0.0,Control,72.92612
7.0,2.0,2.0,10.0,40.343407,0.0,Control,41.67298
7.0,2.0,2.0,11.0,62.881985,0.0,Control,64.13201
7.0,2.0,2.0,12.0,56.04739,0.0,Control,57.3618
7.0,2.0,2.0,13.0,46.640095,0.0,Control,47.89621
7.0,2.0,2.0,14.0,69.29489,0.0,Control,70.64661
7.0,2.0,2.0,15.0,59.764774,0.0,Control,61.073288
7.0,2.0,2.0,16.0,56.91493,0.0,Control,58.2449
7.0,2.0,2.0,17.0,43.40149,0.0,Control,44.75652
7.0,2.0,2.0,18.0,67.41035,0.0,Control,68.71489
7.0,2.0,2.0,19.0,57.515827,0.0,Control,58.765484
7.0,2.0,2.0,20.0,43.535923,0.0,Control,44.8943
7.0,2.0,2.0,21.0,62.573875,0.0,Control,63.849907
7.0,2.0,2.0,22.0,38.085197,0.0,Control,39.421143
7.0,2.0,2.0,23.0,54.62741,0.0,Control,55.917946
7.0,2.0,2.0,24.0,58.42299,0.0,Control,59.64806
7.0,2.0,2.0,25.0,45.857277,0.0,Control,47.21561
7.0,2.0,2.0,26.0,45.466736,0.0,Control,46.82415
7.0,2.0,2.0,27.0,46.560677,0.0,Control,48.008057
7.0,2.0,2.0,28.0,38.871716,0.0,Control,40.2403
7.0,2.0,2.0,29.0,59.755646,0.0,Control,61.136955
7.0,2.0,2.0,30.0,45.663277,0.0,Control,46.893284
7.0,2.0,2.0,31.0,44.068165,0.0,Control,45.520897
7.0,2.0,2.0,32.0,71.65306,0.0,Control,72.90888
7.0,2.0,2.0,33.0,55.22223,0.0,Control,56.602905
7.0,2.0,2.0,34.0,48.04153,0.0,Control,49.36435
7.0,2.0,2.0,35.0,68.59407,0.0,Control,69.83494
7.0,2.0,2.0,36.0,63.47283,0.0,Control,64.724464
7.0,2.0,2.0,37.0,51.39911,0.0,Control,52.655914
7.0,2.0,2.0,38.0,81.75416,0.0,Control,82.850075
8.0,1.0,1.0,1.0,62.507286,1.0,T1,77.65219
8.0,1.0,1.0,2.0,56.30736,2.0,T2,59.970196
8.0,1.0,1.0,3.0,53.43524,1.0,T1,61.346527
8.0,1.0,1.0,4.0,59.85485,1.0,T1,72.82803
8.0,1.0,1.0,5.0,50.84394,2.0,T2,68.23584
8.0,1.0,1.0,6.0,40.977467,2.0,T2,63.59198
8.0,1.0,1.0,7.0,34.658676,1.0,T1,51.726963
8.0,1.0,1.0,8.0,47.383774,2.0,T2,52.07657
8.0,1.0,1.0,9.0,46.454254,1.0,T1,62.425205
8.0,1.0,1.0,10.0,50.795784,1.0,T1,57.154243
8.0,1.0,1.0,11.0,70.06449,2.0,T2,90.605995
8.0,1.0,1.0,12.0,69.143135,2.0,T2,86.63911
8.0,1.0,1.0,13.0,61.331165,2.0,T2,72.56529
8.0,1.0,1.0,14.0,37.747555,2.0,T2,41.801895
8.0,1.0,1.0,15.0,43.028664,1.0,T1,53.36661
8.0,1.0,1.0,16.0,57.83052,2.0,T2,80.75699
8.0,1.0,1.0,17.0,57.409424,2.0,T2,80.62444
8.0,1.0,1.0,18.0,40.904743,1.0,T1,63.797066
8.0,1.0,1.0,19.0,58.20514,1.0,T1,67.983536
8.0,1.0,1.0,20.0,45.72319,1.0,T1,56.05755
8.0,1.0,1.0,21.0,59.905144,1.0,T1,69.99841
8.0,1.0,1.0,22.0,62.060196,2.0,T2,79.52303
8.0,1.0,1.0,23.0,51.515488,2.0,T2,68.49788
8.0,1.0,1.0,24.0,67.87021,1.0,T1,89.15694
8.0,1.0,1.0,25.0,38.012638,2.0,T2,58.620853
8.0,1.0,1.0,26.0,69.48673,1.0,T1,86.95442
8.0,1.0,1.0,27.0,54.06228,2.0,T2,49.502323
8.0,1.0,1.0,28.0,52.854034,2.0,T2,62.134262
8.0,1.0,1.0,29.0,59.023987,2.0,T2,69.8311
8.0,1.0,1.0,30.0,56.73315,1.0,T1,71.523285
8.0,1.0,1.0,31.0,47.889957,2.0,T2,70.812126
8.0,1.0,1.0,32.0,63.336926,2.0,T2,79.80191
8.0,1.0,1.0,33.0,52.638306,1.0,T1,62.707043
8.0,1.0,1.0,34.0,55.426296,1.0,T1,61.33872
8.0,1.0,1.0,35.0,51.633118,1.0,T1,56.230927
8.0,1.0,1.0,36.0,50.34225,2.0,T2,70.58339
8.0,1.0,1.0,37.0,66.09427,2.0,T2,81.7216
8.0,1.0,2.0,1.0,60.79762,0.0,Control,62.2876
8.0,1.0,2.0,2.0,53.08328,0.0,Control,54.321274
8.0,1.0,2.0,3.0,38.67306,0.0,Control,39.932594
8.0,1.0,2.0,4.0,53.938362,0.0,Control,55.06539
8.0,1.0,2.0,5.0,41.855576,0.0,Control,43.081947
8.0,1.0,2.0,6.0,68.6391,0.0,Control,69.95089
8.0,1.0,2.0,7.0,57.604343,0.0,Control,58.819588
8.0,1.0,2.0,8.0,53.602383,0.0,Control,54.93604
8.0,1.0,2.0,9.0,61.3866,0.0,Control,62.660275
8.0,1.0,2.0,10.0,32.91198,0.0,Control,34.175053
8.0,1.0,2.0,11.0,38.502323,0.0,Control,39.859615
8.0,1.0,2.0,12.0,52.773727,0.0,Control,54.055
8.0,1.0,2.0,13.0,61.14167,0.0,Control,62.48895
8.0,1.0,2.0,14.0,67.5977,0.0,Control,68.86349
8.0,1.0,2.0,15.0,57.957516,0.0,Control,59.256218
8.0,1.0,2.0,16.0,47.72374,0.0,Control,48.979275
8.0,1.0,2.0,17.0,52.175667,0.0,Control,53.457706
8.0,1.0,2.0,18.0,47.875626,0.0,Control,49.31112
8.0,1.0,2.0,19.0,36.9596,0.0,Control,38.216324
8.0,1.0,2.0,20.0,55.046085,0.0,Control,56.266644
8.0,1.0,2.0,21.0,37.382805,0.0,Control,38.671528
8.0,1.0,2.0,22.0,51.40929,0.0,Control,52.756344
8.0,1.0,2.0,23.0,41.933456,0.0,Control,43.22048
8.0,1.0,2.0,24.0,43.492626,0.0,Control,44.760418
8.0,1.0,2.0,25.0,68.341446,0.0,Control,69.71249
8.0,1.0,2.0,26.0,29.66333,0.0,Control,30.999231
8.0,1.0,2.0,27.0,58.88015,0.0,Control,60.325397
8.0,1.0,2.0,28.0,63.51715,0.0,Control,64.69997
8.0,1.0,2.0,29.0,58.100822,0.0,Control,59.543346
8.0,1.0,2.0,30.0,52.564224,0.0,Control,54.088486
8.0,1.0,2.0,31.0,48.34041,0.0,Control,49.608627
8.0,1.0,2.0,32.0,59.048195,0.0,Control,60.295387
8.0,1.0,2.0,33.0,33.78249,0.0,Control,34.881256
8.0,1.0,2.0,34.0,56.862873,0.0,Control,58.084133
8.0,1.0,2.0,35.0,56.567722,0.0,Control,57.987324
8.0,1.0,2.0,36.0,61.125286,0.0,Control,62.294296
8.0,1.0,2.0,37.0,46.584435,0.0,Control,47.84987
8.0,1.0,2.0,38.0,50.754692,0.0,Control,52.12325
8.0,2.0,1.0,1.0,44.380627,2.0,T2,56.09738
8.0,2.0,1.0,2.0,47.12235,1.0,T1,64.40991
8.0,2.0,1.0,3.0,50.858105,1.0,T1,68.94513
8.0,2.0,1.0,4.0,53.35985,1.0,T1,61.81385
8.0,2.0,1.0,5.0,68.707565,2.0,T2,73.038795
8.0,2.0,1.0,6.0,47.441345,1.0,T1,69.569275
8.0,2.0,1.0,7.0,69.65186,2.0,T2,69.2145
8.0,2.0,1.0,8.0,53.721294,1.0,T1,60.149155
8.0,2.0,1.0,9.0,63.394947,2.0,T2,73.48013
8.0,2.0,1.0,10.0,85.56954,2.0,T2,99.85242
8.0,2.0,1.0,11.0,41.10866,2.0,T2,63.699196
8.0,2.0,1.0,12.0,53.942142,1.0,T1,69.71259
8.0,2.0,1.0,13.0,39.387165,1.0,T1,53.72091
8.0,2.0,1.0,14.0,60.037308,2.0,T2,67.03829
8.0,2.0,1.0,15.0,49.940983,1.0,T1,59.21485
8.0,2.0,1.0,16.0,65.14824,2.0,T2,73.36951
8.0,2.0,1.0,17.0,35.975437,1.0,T1,50.066715
8.0,2.0,1.0,18.0,54.99475,2.0,T2,79.671715
8.0,2.0,1.0,19.0,55.536526,1.0,T1,67.13127
8.0,2.0,1.0,20.0,59.72628,1.0,T1,69.80805
8.0,2.0,1.0,21.0,79.85513,2.0,T2,85.851204
8.0,2.0,1.0,22.0,44.20708,2.0,T2,56.223007
8.0,2.0,1.0,23.0,55.227894,2.0,T2,81.30361
8.0,2.0,1.0,24.0,49.434204,1.0,T1,60.18003
8.0,2.0,1.0,25.0,47.962692,2.0,T2,70.60898
8.0,2.0,1.0,26.0,69.23574,1.0,T1,75.46787
8.0,2.0,1.0,27.0,64.51772,2.0,T2,74.13096
8.0,2.0,1.0,28.0,69.42448,1.0,T1,94.41207
8.0,2.0,1.0,29.0,59.33924,2.0,T2,90.57994
8.0,2.0,1.0,30.0,56.99011,1.0,T1,68.243576
8.0,2.0,1.0,31.0,66.45112,2.0,T2,80.35279
8.0,2.0,1.0,32.0,70.77302,1.0,T1,87.04534
8.0,2.0,1.0,33.0,47.921112,2.0,T2,63.55693
8.0,2.0,1.0,34.0,58.516148,2.0,T2,67.269226
8.0,2.0,1.0,35.0,39.59317,2.0,T2,59.694046
8.0,2.0,1.0,36.0,71.22026,1.0,T1,89.44783
8.0,2.0,1.0,37.0,58.2684,2.0,T2,82.84963
8.0,2.0,2.0,1.0,47.7317,0.0,Control,49.07947
8.0,2.0,2.0,2.0,53.842262,0.0,Control,55.02995
8.0,2.0,2.0,3.0,58.7493,0.0,Control,60.3101
8.0,2.0,2.0,4.0,47.815437,0.0,Control,49.128605
8.0,2.0,2.0,5.0,51.32916,0.0,Control,52.786747
8.0,2.0,2.0,6.0,45.69039,0.0,Control,47.151707
8.0,2.0,2.0,7.0,51.299847,0.0,Control,52.572834
8.0,2.0,2.0,8.0,62.85698,0.0,Control,64.14331
8.0,2.0,2.0,9.0,41.040474,0.0,Control,42.23894
8.0,2.0,2.0,10.0,50.737583,0.0,Control,51.964497
8.0,2.0,2.0,11.0,45.713688,0.0,Control,47.16862
8.0,2.0,2.0,12.0,51.358276,0.0,Control,52.5633
8.0,2.0,2.0,13.0,48.81877,0.0,Control,50.280136
8.0,2.0,2.0,14.0,62.142284,0.0,Control,63.37184
8.0,2.0,2.0,15.0,66.01938,0.0,Control,67.33442
8.0,2.0,2.0,16.0,47.35885,0.0,Control,48.510704
8.0,2.0,2.0,17.0,65.12187,0.0,Control,66.5778
8.0,2.0,2.0,18.0,51.312954,0.0,Control,52.743225
8.0,2.0,2.0,19.0,56.885647,0.0,Control,58.247852
8.0,2.0,2.0,20.0,48.119236,0.0,Control,49.679123
8.0,2.0,2.0,21.0,65.55505,0.0,Control,66.811325
8.0,2.0,2.0,22.0,81.48353,0.0,Control,82.94043
8.0,2.0,2.0,23.0,52.596714,0.0,Control,54.10161
8.0,2.0,2.0,24.0,42.72294,0.0,Control,44.020462
8.0,2.0,2.0,25.0,44.472378,0.0,Control,45.697357
8.0,2.0,2.0,26.0,41.67364,0.0,Control,42.893024
8.0,2.0,2.0,27.0,50.4265,0.0,Control,51.789856
8.0,2.0,2.0,28.0,53.156807,0.0,Control,54.449947
8.0,2.0,2.0,29.0,47.249126,0.0,Control,48.48542
8.0,2.0,2.0,30.0,48.55903,0.0,Control,49.8107
8.0,2.0,2.0,31.0,60.98419,0.0,Control,62.330944
8.0,2.0,2.0,32.0,75.34463,0.0,Control,76.72712
8.0,2.0,2.0,33.0,42.3205,0.0,Control,43.568844
8.0,2.0,2.0,34.0,62.30257,0.0,Control,63.54077
8.0,2.0,2.0,35.0,54.657104,0.0,Control,55.852093
8.0,2.0,2.0,36.0,45.524357,0.0,Control,46.7055
8.0,2.0,2.0,37.0,63.907036,0.0,Control,65.19091
8.0,2.0,2.0,38.0,48.378475,0.0,Control,49.579224
